<DATE>;<BALANCE>
17/08/2017;4285.08
18/08/2017;4108.37
19/08/2017;4139.98
20/08/2017;4086.29
21/08/2017;4016.0
22/08/2017;4040.0
23/08/2017;4114.01
24/08/2017;4316.01
25/08/2017;4280.68
26/08/2017;4337.44
27/08/2017;4310.01
28/08/2017;4386.69
29/08/2017;4587.48
30/08/2017;4555.14
31/08/2017;4724.89
01/09/2017;4834.91
02/09/2017;4472.14
03/09/2017;4509.08
04/09/2017;4100.11
05/09/2017;4366.47
06/09/2017;4619.77
07/09/2017;4691.61
08/09/2017;4282.8
09/09/2017;4258.81
10/09/2017;4130.37
11/09/2017;4208.47
12/09/2017;4163.72
13/09/2017;3944.69
14/09/2017;3189.02
15/09/2017;3700.0
16/09/2017;3714.95
17/09/2017;3699.99
18/09/2017;4035.01
19/09/2017;3910.04
20/09/2017;3900.0
21/09/2017;3609.99
22/09/2017;3595.87
23/09/2017;3780.0
24/09/2017;3660.02
25/09/2017;3920.75
26/09/2017;3882.35
27/09/2017;4193.0
28/09/2017;4174.5
29/09/2017;4174.69
30/09/2017;4378.51
01/10/2017;4378.48
02/10/2017;4380.0
03/10/2017;4310.0
04/10/2017;4208.59
05/10/2017;4292.43
06/10/2017;4369.0
07/10/2017;4423.0
08/10/2017;4640.0
09/10/2017;4786.95
10/10/2017;4783.06
11/10/2017;4821.43
12/10/2017;5430.0
13/10/2017;5649.98
14/10/2017;5869.99
15/10/2017;5709.99
16/10/2017;5760.02
17/10/2017;5595.0
18/10/2017;5512.06
19/10/2017;5683.9
20/10/2017;6010.01
21/10/2017;6024.97
22/10/2017;5950.02
23/10/2017;5915.93
24/10/2017;5477.03
25/10/2017;5689.99
26/10/2017;5861.77
27/10/2017;5768.83
28/10/2017;5719.64
29/10/2017;6169.98
30/10/2017;6120.5
31/10/2017;6463.0
01/11/2017;6753.98
02/11/2017;7019.98
03/11/2017;7115.04
04/11/2017;7357.09
05/11/2017;7345.01
06/11/2017;6960.12
07/11/2017;7064.04
08/11/2017;7303.0
09/11/2017;7079.99
10/11/2017;6506.98
11/11/2017;6245.05
12/11/2017;5811.03
13/11/2017;6465.99
14/11/2017;6574.99
15/11/2017;7240.06
16/11/2017;7864.5
17/11/2017;7699.19
18/11/2017;7761.94
19/11/2017;8038.0
20/11/2017;8212.0
21/11/2017;8119.51
22/11/2017;8205.92
23/11/2017;8019.99
24/11/2017;8138.0
25/11/2017;8700.01
26/11/2017;9128.02
27/11/2017;9650.0
28/11/2017;9896.8
29/11/2017;9687.88
30/11/2017;9838.96
01/12/2017;10782.99
02/12/2017;10890.01
03/12/2017;11165.41
04/12/2017;11579.0
05/12/2017;11699.99
06/12/2017;13550.05
07/12/2017;16599.0
08/12/2017;15880.0
09/12/2017;14656.07
10/12/2017;14899.98
11/12/2017;16587.97
12/12/2017;16349.99
13/12/2017;16033.29
14/12/2017;16334.98
15/12/2017;17539.83
16/12/2017;19102.66
17/12/2017;18860.02
18/12/2017;18856.25
19/12/2017;17295.2
20/12/2017;16488.98
21/12/2017;15492.64
22/12/2017;13326.61
23/12/2017;13300.0
24/12/2017;13500.0
25/12/2017;13699.34
26/12/2017;15689.01
27/12/2017;15459.99
28/12/2017;14182.11
29/12/2017;14378.9
30/12/2017;12440.01
31/12/2017;13716.36
01/01/2018;13380.0
02/01/2018;14675.11
03/01/2018;14919.51
04/01/2018;15059.54
05/01/2018;16960.39
06/01/2018;17069.79
07/01/2018;16150.03
08/01/2018;14902.54
09/01/2018;14400.0
10/01/2018;14907.09
11/01/2018;13238.78
12/01/2018;13740.01
13/01/2018;14210.0
14/01/2018;13474.99
15/01/2018;13539.93
16/01/2018;10900.0
17/01/2018;10988.79
18/01/2018;10961.97
19/01/2018;11474.98
20/01/2018;12799.94
21/01/2018;11530.0
22/01/2018;10760.05
23/01/2018;10799.18
24/01/2018;11349.99
25/01/2018;11175.27
26/01/2018;11089.0
27/01/2018;11491.0
28/01/2018;11879.95
29/01/2018;11251.0
30/01/2018;10237.51
31/01/2018;10285.1
01/02/2018;9224.52
02/02/2018;8873.03
03/02/2018;9199.96
04/02/2018;8184.81
05/02/2018;6939.99
06/02/2018;7652.14
07/02/2018;7599.0
08/02/2018;7784.02
09/02/2018;8683.92
10/02/2018;8533.98
11/02/2018;8063.88
12/02/2018;8903.0
13/02/2018;8539.9
14/02/2018;9449.99
15/02/2018;10000.09
16/02/2018;10159.98
17/02/2018;11039.55
18/02/2018;10383.43
19/02/2018;11153.0
20/02/2018;11200.99
21/02/2018;10437.6
22/02/2018;9811.04
23/02/2018;10131.04
24/02/2018;9694.51
25/02/2018;9590.0
26/02/2018;10324.0
27/02/2018;10569.04
28/02/2018;10326.76
01/03/2018;10920.0
02/03/2018;11039.0
03/03/2018;11464.48
04/03/2018;11515.0
05/03/2018;11454.0
06/03/2018;10716.48
07/03/2018;9910.0
08/03/2018;9271.64
09/03/2018;9227.0
10/03/2018;8770.22
11/03/2018;9533.57
12/03/2018;9131.34
13/03/2018;9150.0
14/03/2018;8170.0
15/03/2018;8240.98
16/03/2018;8260.0
17/03/2018;7824.8
18/03/2018;8189.99
19/03/2018;8600.0
20/03/2018;8909.98
21/03/2018;8885.0
22/03/2018;8722.9
23/03/2018;8898.03
24/03/2018;8546.86
25/03/2018;8470.15
26/03/2018;8134.23
27/03/2018;7795.51
28/03/2018;7949.3
29/03/2018;7090.14
30/03/2018;6840.23
31/03/2018;6923.91
01/04/2018;6813.01
02/04/2018;7056.0
03/04/2018;7405.21
04/04/2018;6796.1
05/04/2018;6770.76
06/04/2018;6601.39
07/04/2018;6895.8
08/04/2018;7018.0
09/04/2018;6782.72
10/04/2018;6843.9
11/04/2018;6953.79
12/04/2018;7923.0
13/04/2018;7877.41
14/04/2018;7999.01
15/04/2018;8355.0
16/04/2018;8064.92
17/04/2018;7885.02
18/04/2018;8173.0
19/04/2018;8278.0
20/04/2018;8856.98
21/04/2018;8915.31
22/04/2018;8787.02
23/04/2018;8934.01
24/04/2018;9619.99
25/04/2018;8869.99
26/04/2018;9266.0
27/04/2018;8915.35
28/04/2018;9348.0
29/04/2018;9419.0
30/04/2018;9246.01
01/05/2018;9071.48
02/05/2018;9247.84
03/05/2018;9750.0
04/05/2018;9713.99
05/05/2018;9864.0
06/05/2018;9659.01
07/05/2018;9365.0
08/05/2018;9187.56
09/05/2018;9310.0
10/05/2018;9002.2
11/05/2018;8400.0
12/05/2018;8465.94
13/05/2018;8679.71
14/05/2018;8663.34
15/05/2018;8462.0
16/05/2018;8330.0
17/05/2018;8041.46
18/05/2018;8239.81
19/05/2018;8233.49
20/05/2018;8526.98
21/05/2018;8381.24
22/05/2018;7977.11
23/05/2018;7501.95
24/05/2018;7575.01
25/05/2018;7457.0
26/05/2018;7333.96
27/05/2018;7338.99
28/05/2018;7099.0
29/05/2018;7461.29
30/05/2018;7375.96
31/05/2018;7485.01
01/06/2018;7521.01
02/06/2018;7640.03
03/06/2018;7714.26
04/06/2018;7487.0
05/06/2018;7625.0
06/06/2018;7658.84
07/06/2018;7691.08
08/06/2018;7603.44
09/06/2018;7491.73
10/06/2018;6764.99
11/06/2018;6872.0
12/06/2018;6530.0
13/06/2018;6292.78
14/06/2018;6635.98
15/06/2018;6388.9
16/06/2018;6483.98
17/06/2018;6449.61
18/06/2018;6712.46
19/06/2018;6741.21
20/06/2018;6761.51
21/06/2018;6718.84
22/06/2018;6045.0
23/06/2018;6149.98
24/06/2018;6136.97
25/06/2018;6252.0
26/06/2018;6070.78
27/06/2018;6133.73
28/06/2018;5853.98
29/06/2018;6197.92
30/06/2018;6390.07
01/07/2018;6356.81
02/07/2018;6615.29
03/07/2018;6513.86
04/07/2018;6586.98
05/07/2018;6529.2
06/07/2018;6609.78
07/07/2018;6756.98
08/07/2018;6712.1
09/07/2018;6662.12
10/07/2018;6296.91
11/07/2018;6378.07
12/07/2018;6250.57
13/07/2018;6214.57
14/07/2018;6251.99
15/07/2018;6353.01
16/07/2018;6723.35
17/07/2018;7317.44
18/07/2018;7381.9
19/07/2018;7466.21
20/07/2018;7337.53
21/07/2018;7398.78
22/07/2018;7394.79
23/07/2018;7721.01
24/07/2018;8397.24
25/07/2018;8175.64
26/07/2018;7920.0
27/07/2018;8188.57
28/07/2018;8225.04
29/07/2018;8211.0
30/07/2018;8173.92
31/07/2018;7730.93
01/08/2018;7604.58
02/08/2018;7525.71
03/08/2018;7418.78
04/08/2018;7009.84
05/08/2018;7024.19
06/08/2018;6934.82
07/08/2018;6720.06
08/08/2018;6285.0
09/08/2018;6529.79
10/08/2018;6144.01
11/08/2018;6232.35
12/08/2018;6308.33
13/08/2018;6246.35
14/08/2018;6188.08
15/08/2018;6267.16
16/08/2018;6311.75
17/08/2018;6584.49
18/08/2018;6387.96
19/08/2018;6477.53
20/08/2018;6254.84
21/08/2018;6480.0
22/08/2018;6360.89
23/08/2018;6525.01
24/08/2018;6681.64
25/08/2018;6733.64
26/08/2018;6700.0
27/08/2018;6908.64
28/08/2018;7076.11
29/08/2018;7031.22
30/08/2018;6984.84
31/08/2018;7011.21
01/09/2018;7200.01
02/09/2018;7302.01
03/09/2018;7263.02
04/09/2018;7359.06
05/09/2018;6700.0
06/09/2018;6516.01
07/09/2018;6395.54
08/09/2018;6185.05
09/09/2018;6250.81
10/09/2018;6312.0
11/09/2018;6294.91
12/09/2018;6338.62
13/09/2018;6487.38
14/09/2018;6476.63
15/09/2018;6514.96
16/09/2018;6505.0
17/09/2018;6248.69
18/09/2018;6336.45
19/09/2018;6391.89
20/09/2018;6492.0
21/09/2018;6759.02
22/09/2018;6723.05
23/09/2018;6708.0
24/09/2018;6581.39
25/09/2018;6447.54
26/09/2018;6465.12
27/09/2018;6689.13
28/09/2018;6634.58
29/09/2018;6596.38
30/09/2018;6626.57
01/10/2018;6611.61
02/10/2018;6525.79
03/10/2018;6510.0
04/10/2018;6593.79
05/10/2018;6635.65
06/10/2018;6594.27
07/10/2018;6615.26
08/10/2018;6673.01
09/10/2018;6656.61
10/10/2018;6631.0
11/10/2018;6252.68
12/10/2018;6298.01
13/10/2018;6332.93
14/10/2018;6339.34
15/10/2018;6752.5
16/10/2018;6759.27
17/10/2018;6740.89
18/10/2018;6618.96
19/10/2018;6528.88
20/10/2018;6588.4
21/10/2018;6590.11
22/10/2018;6581.2
23/10/2018;6553.51
24/10/2018;6565.5
25/10/2018;6528.09
26/10/2018;6538.63
27/10/2018;6505.6
28/10/2018;6489.93
29/10/2018;6344.5
30/10/2018;6330.87
31/10/2018;6371.93
01/11/2018;6410.0
02/11/2018;6433.98
03/11/2018;6387.09
04/11/2018;6485.85
05/11/2018;6468.99
06/11/2018;6519.11
07/11/2018;6578.46
08/11/2018;6479.84
09/11/2018;6419.99
10/11/2018;6433.05
11/11/2018;6449.81
12/11/2018;6453.07
13/11/2018;6457.66
14/11/2018;5922.41
15/11/2018;5753.4
16/11/2018;5655.94
17/11/2018;5628.29
18/11/2018;5662.0
19/11/2018;4910.03
20/11/2018;4558.86
21/11/2018;4661.07
22/11/2018;4370.0
23/11/2018;4420.61
24/11/2018;3932.44
25/11/2018;4085.78
26/11/2018;3862.2
27/11/2018;3875.21
28/11/2018;4264.85
29/11/2018;4295.84
30/11/2018;4041.32
01/12/2018;4190.02
02/12/2018;4161.01
03/12/2018;3884.01
04/12/2018;3951.64
05/12/2018;3769.84
06/12/2018;3508.75
07/12/2018;3403.55
08/12/2018;3410.93
09/12/2018;3545.37
10/12/2018;3432.88
11/12/2018;3380.39
12/12/2018;3445.0
13/12/2018;3302.06
14/12/2018;3224.17
15/12/2018;3211.72
16/12/2018;3228.67
17/12/2018;3509.08
18/12/2018;3652.98
19/12/2018;3662.22
20/12/2018;4049.62
21/12/2018;3838.66
22/12/2018;3948.91
23/12/2018;3929.71
24/12/2018;4008.01
25/12/2018;3745.79
26/12/2018;3777.74
27/12/2018;3567.91
28/12/2018;3839.26
29/12/2018;3695.32
30/12/2018;3801.91
31/12/2018;3702.9
01/01/2019;3797.14
02/01/2019;3858.56
03/01/2019;3766.78
04/01/2019;3792.01
05/01/2019;3770.96
06/01/2019;3987.6
07/01/2019;3975.45
08/01/2019;3955.13
09/01/2019;3966.65
10/01/2019;3585.88
11/01/2019;3601.31
12/01/2019;3583.13
13/01/2019;3476.81
14/01/2019;3626.09
15/01/2019;3553.06
16/01/2019;3591.84
17/01/2019;3616.21
18/01/2019;3594.87
19/01/2019;3665.3
20/01/2019;3539.28
21/01/2019;3526.9
22/01/2019;3570.93
23/01/2019;3552.82
24/01/2019;3569.62
25/01/2019;3565.29
26/01/2019;3565.25
27/01/2019;3550.84
28/01/2019;3434.15
29/01/2019;3411.04
30/01/2019;3458.18
31/01/2019;3434.1
01/02/2019;3462.07
02/02/2019;3504.77
03/02/2019;3458.11
04/02/2019;3463.22
05/02/2019;3471.59
06/02/2019;3405.37
07/02/2019;3398.4
08/02/2019;3659.04
09/02/2019;3665.18
10/02/2019;3680.06
11/02/2019;3631.05
12/02/2019;3631.46
13/02/2019;3609.4
14/02/2019;3590.56
15/02/2019;3602.47
16/02/2019;3618.41
17/02/2019;3667.58
18/02/2019;3898.6
19/02/2019;3907.79
20/02/2019;3969.74
21/02/2019;3937.31
22/02/2019;3962.0
23/02/2019;4117.76
24/02/2019;3743.56
25/02/2019;3827.92
26/02/2019;3809.23
27/02/2019;3818.07
28/02/2019;3813.69
01/03/2019;3823.0
02/03/2019;3819.93
03/03/2019;3807.75
04/03/2019;3715.3
05/03/2019;3857.73
06/03/2019;3861.84
07/03/2019;3873.64
08/03/2019;3864.89
09/03/2019;3943.04
10/03/2019;3916.82
11/03/2019;3871.61
12/03/2019;3882.73
13/03/2019;3866.0
14/03/2019;3877.12
15/03/2019;3923.76
16/03/2019;4005.98
17/03/2019;3981.14
18/03/2019;3987.81
19/03/2019;4015.53
20/03/2019;4043.04
21/03/2019;3980.64
22/03/2019;3986.93
23/03/2019;4006.01
24/03/2019;3992.18
25/03/2019;3936.12
26/03/2019;3948.55
27/03/2019;4038.05
28/03/2019;4027.81
29/03/2019;4103.25
30/03/2019;4106.97
31/03/2019;4103.95
01/04/2019;4144.56
02/04/2019;4857.29
03/04/2019;4932.6
04/04/2019;4898.66
05/04/2019;5004.95
06/04/2019;5043.89
07/04/2019;5170.27
08/04/2019;5236.9
09/04/2019;5150.0
10/04/2019;5308.25
11/04/2019;5017.37
12/04/2019;5048.01
13/04/2019;5045.22
14/04/2019;5131.3
15/04/2019;5024.95
16/04/2019;5173.72
17/04/2019;5202.82
18/04/2019;5258.44
19/04/2019;5258.68
20/04/2019;5291.73
21/04/2019;5256.14
22/04/2019;5357.14
23/04/2019;5493.31
24/04/2019;5415.0
25/04/2019;5219.9
26/04/2019;5314.1
27/04/2019;5295.69
28/04/2019;5307.52
29/04/2019;5238.14
30/04/2019;5320.81
01/05/2019;5383.2
02/05/2019;5492.87
03/05/2019;5772.69
04/05/2019;5829.45
05/05/2019;5775.62
06/05/2019;5747.79
07/05/2019;5846.34
08/05/2019;5987.29
09/05/2019;6209.18
10/05/2019;6373.33
11/05/2019;7076.22
12/05/2019;6967.31
13/05/2019;7790.71
14/05/2019;7947.56
15/05/2019;8169.87
16/05/2019;7866.59
17/05/2019;7355.26
18/05/2019;7257.45
19/05/2019;8148.48
20/05/2019;7938.15
21/05/2019;7904.87
22/05/2019;7628.43
23/05/2019;7851.51
24/05/2019;7964.87
25/05/2019;8025.41
26/05/2019;8614.43
27/05/2019;8756.32
28/05/2019;8715.64
29/05/2019;8645.68
30/05/2019;8269.54
31/05/2019;8555.0
01/06/2019;8544.07
02/06/2019;8725.98
03/06/2019;8115.82
04/06/2019;7687.03
05/06/2019;7776.5
06/06/2019;7786.7
07/06/2019;7980.53
08/06/2019;7893.62
09/06/2019;7628.13
10/06/2019;7982.75
11/06/2019;7884.9
12/06/2019;8127.64
13/06/2019;8218.54
14/06/2019;8650.0
15/06/2019;8808.7
16/06/2019;8953.33
17/06/2019;9313.96
18/06/2019;9081.55
19/06/2019;9255.49
20/06/2019;9517.12
21/06/2019;10159.86
22/06/2019;10729.5
23/06/2019;10906.07
24/06/2019;11056.59
25/06/2019;11820.86
26/06/2019;13093.8
27/06/2019;11329.99
28/06/2019;12400.63
29/06/2019;11903.13
30/06/2019;10854.1
01/07/2019;10624.93
02/07/2019;10842.85
03/07/2019;11940.0
04/07/2019;11145.67
05/07/2019;10970.73
06/07/2019;11256.49
07/07/2019;11406.24
08/07/2019;12238.6
09/07/2019;12543.41
10/07/2019;12108.37
11/07/2019;11342.89
12/07/2019;11757.22
13/07/2019;11355.76
14/07/2019;10174.18
15/07/2019;10838.72
16/07/2019;9439.59
17/07/2019;9667.92
18/07/2019;10627.16
19/07/2019;10504.29
20/07/2019;10740.23
21/07/2019;10589.45
22/07/2019;10340.31
23/07/2019;9864.91
24/07/2019;9763.28
25/07/2019;9879.87
26/07/2019;9824.0
27/07/2019;9476.52
28/07/2019;9541.54
29/07/2019;9507.64
30/07/2019;9574.21
31/07/2019;10080.53
01/08/2019;10374.99
02/08/2019;10523.75
03/08/2019;10816.86
04/08/2019;10929.23
05/08/2019;11828.8
06/08/2019;11481.69
07/08/2019;11975.03
08/08/2019;11999.77
09/08/2019;11879.99
10/08/2019;11309.31
11/08/2019;11549.97
12/08/2019;11396.08
13/08/2019;10892.71
14/08/2019;10050.37
15/08/2019;10293.93
16/08/2019;10331.54
17/08/2019;10216.02
18/08/2019;10306.78
19/08/2019;10915.54
20/08/2019;10760.51
21/08/2019;10142.57
22/08/2019;10099.88
23/08/2019;10389.55
24/08/2019;10134.35
25/08/2019;10142.69
26/08/2019;10372.25
27/08/2019;10185.05
28/08/2019;9721.0
29/08/2019;9498.44
30/08/2019;9584.54
31/08/2019;9587.47
01/09/2019;9724.98
02/09/2019;10340.0
03/09/2019;10615.28
04/09/2019;10567.02
05/09/2019;10564.49
06/09/2019;10298.73
07/09/2019;10455.88
08/09/2019;10381.18
09/09/2019;10303.12
10/09/2019;10098.15
11/09/2019;10158.33
12/09/2019;10415.01
13/09/2019;10342.06
14/09/2019;10335.02
15/09/2019;10302.01
16/09/2019;10251.31
17/09/2019;10187.82
18/09/2019;10156.99
19/09/2019;10244.29
20/09/2019;10168.59
21/09/2019;9986.39
22/09/2019;10028.87
23/09/2019;9702.25
24/09/2019;8493.14
25/09/2019;8430.05
26/09/2019;8063.73
27/09/2019;8177.91
28/09/2019;8198.81
29/09/2019;8043.82
30/09/2019;8289.34
01/10/2019;8292.44
02/10/2019;8359.94
03/10/2019;8223.96
04/10/2019;8137.13
05/10/2019;8126.19
06/10/2019;7854.25
07/10/2019;8190.09
08/10/2019;8168.39
09/10/2019;8560.74
10/10/2019;8558.03
11/10/2019;8258.5
12/10/2019;8300.09
13/10/2019;8275.01
14/10/2019;8348.2
15/10/2019;8159.29
16/10/2019;7991.74
17/10/2019;8070.58
18/10/2019;7947.01
19/10/2019;7948.01
20/10/2019;8223.35
21/10/2019;8197.27
22/10/2019;8020.0
23/10/2019;7466.62
24/10/2019;7412.41
25/10/2019;8655.02
26/10/2019;9230.0
27/10/2019;9529.93
28/10/2019;9205.14
29/10/2019;9407.62
30/10/2019;9154.72
31/10/2019;9140.85
01/11/2019;9231.61
02/11/2019;9289.52
03/11/2019;9194.71
04/11/2019;9393.35
05/11/2019;9308.66
06/11/2019;9339.05
07/11/2019;9216.2
08/11/2019;8773.73
09/11/2019;8809.41
10/11/2019;9039.47
11/11/2019;8733.27
12/11/2019;8821.94
13/11/2019;8777.12
14/11/2019;8646.68
15/11/2019;8471.73
16/11/2019;8491.02
17/11/2019;8502.4
18/11/2019;8187.17
19/11/2019;8133.64
20/11/2019;8098.01
21/11/2019;7627.74
22/11/2019;7268.23
23/11/2019;7311.57
24/11/2019;6903.28
25/11/2019;7109.57
26/11/2019;7156.14
27/11/2019;7508.52
28/11/2019;7419.49
29/11/2019;7739.68
30/11/2019;7541.89
01/12/2019;7390.89
02/12/2019;7294.28
03/12/2019;7292.71
04/12/2019;7194.32
05/12/2019;7389.0
06/12/2019;7527.47
07/12/2019;7488.21
08/12/2019;7510.11
09/12/2019;7338.64
10/12/2019;7224.13
11/12/2019;7210.0
12/12/2019;7198.08
13/12/2019;7258.48
14/12/2019;7064.05
15/12/2019;7118.59
16/12/2019;6891.72
17/12/2019;6623.82
18/12/2019;7277.83
19/12/2019;7150.3
20/12/2019;7187.83
21/12/2019;7132.75
22/12/2019;7501.44
23/12/2019;7317.09
24/12/2019;7255.77
25/12/2019;7204.63
26/12/2019;7202.0
27/12/2019;7254.74
28/12/2019;7316.14
29/12/2019;7388.24
30/12/2019;7246.0
31/12/2019;7195.23
01/01/2020;7200.85
02/01/2020;6965.71
03/01/2020;7344.96
04/01/2020;7354.11
05/01/2020;7358.75
06/01/2020;7758.0
07/01/2020;8145.28
08/01/2020;8055.98
09/01/2020;7817.76
10/01/2020;8197.02
11/01/2020;8020.01
12/01/2020;8184.98
13/01/2020;8110.34
14/01/2020;8810.01
15/01/2020;8821.41
16/01/2020;8720.01
17/01/2020;8913.28
18/01/2020;8915.96
19/01/2020;8701.7
20/01/2020;8642.35
21/01/2020;8736.03
22/01/2020;8682.36
23/01/2020;8404.52
24/01/2020;8439.0
25/01/2020;8340.58
26/01/2020;8615.0
27/01/2020;8907.57
28/01/2020;9374.21
29/01/2020;9301.53
30/01/2020;9513.21
31/01/2020;9352.89
01/02/2020;9384.61
02/02/2020;9331.51
03/02/2020;9292.24
04/02/2020;9197.02
05/02/2020;9612.04
06/02/2020;9772.0
07/02/2020;9813.73
08/02/2020;9895.05
09/02/2020;10151.75
10/02/2020;9851.83
11/02/2020;10223.08
12/02/2020;10326.46
13/02/2020;10229.63
14/02/2020;10344.36
15/02/2020;9904.72
16/02/2020;9917.27
17/02/2020;9706.0
18/02/2020;10164.71
19/02/2020;9593.79
20/02/2020;9596.42
21/02/2020;9677.05
22/02/2020;9650.86
23/02/2020;9936.4
24/02/2020;9656.13
25/02/2020;9315.84
26/02/2020;8785.25
27/02/2020;8823.21
28/02/2020;8692.91
29/02/2020;8523.61
01/03/2020;8531.88
02/03/2020;8915.24
03/03/2020;8760.07
04/03/2020;8750.87
05/03/2020;9054.68
06/03/2020;9131.88
07/03/2020;8886.66
08/03/2020;8033.31
09/03/2020;7929.87
10/03/2020;7894.56
11/03/2020;7934.52
12/03/2020;4800.0
13/03/2020;5578.6
14/03/2020;5172.06
15/03/2020;5361.3
16/03/2020;5028.97
17/03/2020;5312.64
18/03/2020;5393.04
19/03/2020;6162.37
20/03/2020;6208.36
21/03/2020;6186.98
22/03/2020;5816.19
23/03/2020;6467.31
24/03/2020;6744.72
25/03/2020;6677.43
26/03/2020;6737.36
27/03/2020;6359.11
28/03/2020;6236.65
29/03/2020;5881.42
30/03/2020;6394.38
31/03/2020;6410.44
01/04/2020;6642.92
02/04/2020;6794.09
03/04/2020;6734.1
04/04/2020;6856.99
05/04/2020;6772.78
06/04/2020;7329.9
07/04/2020;7197.32
08/04/2020;7361.28
09/04/2020;7283.54
10/04/2020;6858.92
11/04/2020;6876.83
12/04/2020;6903.79
13/04/2020;6837.91
14/04/2020;6868.7
15/04/2020;6621.24
16/04/2020;7101.94
17/04/2020;7027.55
18/04/2020;7248.6
19/04/2020;7120.74
20/04/2020;6826.83
21/04/2020;6841.37
22/04/2020;7125.14
23/04/2020;7482.39
24/04/2020;7505.0
25/04/2020;7538.67
26/04/2020;7693.1
27/04/2020;7774.62
28/04/2020;7738.98
29/04/2020;8778.57
30/04/2020;8620.0
01/05/2020;8826.96
02/05/2020;8972.05
03/05/2020;8894.16
04/05/2020;8871.96
05/05/2020;9021.83
06/05/2020;9142.92
07/05/2020;9986.4
08/05/2020;9800.01
09/05/2020;9539.4
10/05/2020;8722.77
11/05/2020;8561.52
12/05/2020;8810.79
13/05/2020;9309.37
14/05/2020;9791.98
15/05/2020;9316.42
16/05/2020;9381.27
17/05/2020;9680.04
18/05/2020;9733.93
19/05/2020;9775.53
20/05/2020;9511.43
21/05/2020;9068.65
22/05/2020;9170.0
23/05/2020;9179.15
24/05/2020;8720.34
25/05/2020;8900.35
26/05/2020;8841.18
27/05/2020;9204.07
28/05/2020;9575.89
29/05/2020;9427.07
30/05/2020;9697.72
31/05/2020;9448.27
01/06/2020;10200.77
02/06/2020;9518.04
03/06/2020;9666.24
04/06/2020;9789.06
05/06/2020;9621.16
06/06/2020;9666.3
07/06/2020;9746.99
08/06/2020;9782.01
09/06/2020;9772.43
10/06/2020;9885.0
11/06/2020;9280.4
12/06/2020;9465.13
13/06/2020;9473.34
14/06/2020;9342.1
15/06/2020;9426.02
16/06/2020;9525.59
17/06/2020;9465.14
18/06/2020;9386.32
19/06/2020;9310.23
20/06/2020;9358.95
21/06/2020;9294.69
22/06/2020;9685.69
23/06/2020;9624.89
24/06/2020;9296.49
25/06/2020;9249.49
26/06/2020;9162.21
27/06/2020;9012.0
28/06/2020;9116.35
29/06/2020;9192.56
30/06/2020;9138.55
01/07/2020;9232.0
02/07/2020;9086.54
03/07/2020;9058.26
04/07/2020;9135.46
05/07/2020;9069.41
06/07/2020;9344.2
07/07/2020;9257.39
08/07/2020;9436.06
09/07/2020;9232.43
10/07/2020;9288.34
11/07/2020;9234.03
12/07/2020;9302.75
13/07/2020;9242.62
14/07/2020;9255.85
15/07/2020;9197.6
16/07/2020;9133.72
17/07/2020;9154.32
18/07/2020;9170.28
19/07/2020;9208.99
20/07/2020;9160.78
21/07/2020;9390.0
22/07/2020;9518.16
23/07/2020;9603.27
24/07/2020;9537.8
25/07/2020;9700.42
26/07/2020;9931.54
27/07/2020;11029.96
28/07/2020;10906.27
29/07/2020;11100.53
30/07/2020;11099.61
31/07/2020;11335.46
01/08/2020;11801.17
02/08/2020;11071.35
03/08/2020;11219.81
04/08/2020;11191.97
05/08/2020;11744.91
06/08/2020;11762.46
07/08/2020;11594.23
08/08/2020;11761.41
09/08/2020;11681.68
10/08/2020;11892.92
11/08/2020;11392.08
12/08/2020;11564.33
13/08/2020;11780.0
14/08/2020;11760.54
15/08/2020;11852.4
16/08/2020;11911.0
17/08/2020;12281.13
18/08/2020;11945.01
19/08/2020;11754.59
20/08/2020;11853.55
21/08/2020;11531.34
22/08/2020;11662.96
23/08/2020;11648.13
24/08/2020;11748.2
25/08/2020;11318.42
26/08/2020;11461.43
27/08/2020;11330.38
28/08/2020;11526.91
29/08/2020;11465.84
30/08/2020;11711.16
31/08/2020;11649.51
01/09/2020;11921.97
02/09/2020;11388.54
03/09/2020;10140.85
04/09/2020;10446.25
05/09/2020;10166.69
06/09/2020;10256.2
07/09/2020;10373.44
08/09/2020;10126.65
09/09/2020;10219.2
10/09/2020;10336.87
11/09/2020;10387.89
12/09/2020;10440.92
13/09/2020;10332.83
14/09/2020;10671.77
15/09/2020;10785.31
16/09/2020;10954.01
17/09/2020;10939.99
18/09/2020;10933.39
19/09/2020;11080.65
20/09/2020;10920.28
21/09/2020;10417.22
22/09/2020;10529.61
23/09/2020;10241.46
24/09/2020;10736.32
25/09/2020;10686.67
26/09/2020;10728.6
27/09/2020;10774.25
28/09/2020;10696.12
29/09/2020;10840.48
30/09/2020;10776.59
01/10/2020;10619.13
02/10/2020;10570.4
03/10/2020;10542.06
04/10/2020;10666.63
05/10/2020;10792.21
06/10/2020;10599.66
07/10/2020;10666.39
08/10/2020;10925.57
09/10/2020;11050.64
10/10/2020;11293.22
11/10/2020;11369.02
12/10/2020;11528.25
13/10/2020;11420.56
14/10/2020;11417.89
15/10/2020;11505.12
16/10/2020;11319.32
17/10/2020;11360.2
18/10/2020;11503.14
19/10/2020;11751.47
20/10/2020;11909.99
21/10/2020;12780.96
22/10/2020;12968.52
23/10/2020;12923.07
24/10/2020;13111.73
25/10/2020;13028.83
26/10/2020;13052.19
27/10/2020;13636.17
28/10/2020;13266.4
29/10/2020;13455.7
30/10/2020;13560.1
31/10/2020;13791.0
01/11/2020;13761.5
02/11/2020;13549.37
03/11/2020;14023.53
04/11/2020;14144.01
05/11/2020;15590.02
06/11/2020;15579.92
07/11/2020;14818.3
08/11/2020;15475.1
09/11/2020;15328.41
10/11/2020;15297.21
11/11/2020;15684.24
12/11/2020;16291.86
13/11/2020;16320.7
14/11/2020;16070.45
15/11/2020;15957.0
16/11/2020;16713.57
17/11/2020;17659.38
18/11/2020;17776.12
19/11/2020;17802.82
20/11/2020;18655.67
21/11/2020;18703.8
22/11/2020;18414.43
23/11/2020;18368.0
24/11/2020;19160.01
25/11/2020;18719.11
26/11/2020;17149.47
27/11/2020;17139.52
28/11/2020;17719.85
29/11/2020;18184.99
30/11/2020;19695.87
01/12/2020;18764.96
02/12/2020;19204.09
03/12/2020;19421.9
04/12/2020;18650.52
05/12/2020;19147.66
06/12/2020;19359.4
07/12/2020;19166.9
08/12/2020;18324.11
09/12/2020;18541.28
10/12/2020;18254.63
11/12/2020;18036.53
12/12/2020;18808.69
13/12/2020;19174.99
14/12/2020;19273.14
15/12/2020;19426.43
16/12/2020;21335.52
17/12/2020;22797.16
18/12/2020;23107.39
19/12/2020;23821.61
20/12/2020;23455.52
21/12/2020;22719.71
22/12/2020;23810.79
23/12/2020;23232.76
24/12/2020;23729.2
25/12/2020;24712.47
26/12/2020;26493.39
27/12/2020;26281.66
28/12/2020;27079.41
29/12/2020;27385.0
30/12/2020;28875.54
31/12/2020;28923.63
01/01/2021;29331.69
02/01/2021;32178.33
03/01/2021;33000.05
04/01/2021;31988.71
05/01/2021;33949.53
06/01/2021;36769.36
07/01/2021;39432.28
08/01/2021;40582.81
09/01/2021;40088.22
10/01/2021;38150.02
11/01/2021;35404.47
12/01/2021;34051.24
13/01/2021;37371.38
14/01/2021;39144.5
15/01/2021;36742.22
16/01/2021;35994.98
17/01/2021;35828.61
18/01/2021;36631.27
19/01/2021;35891.49
20/01/2021;35468.23
21/01/2021;30850.13
22/01/2021;32945.17
23/01/2021;32078.0
24/01/2021;32259.9
25/01/2021;32254.2
26/01/2021;32467.77
27/01/2021;30366.15
28/01/2021;33364.86
29/01/2021;34252.2
30/01/2021;34262.88
31/01/2021;33092.98
01/02/2021;33526.37
02/02/2021;35466.24
03/02/2021;37618.87
04/02/2021;36936.66
05/02/2021;38290.24
06/02/2021;39186.94
07/02/2021;38795.69
08/02/2021;46374.87
09/02/2021;46420.42
10/02/2021;44807.58
11/02/2021;47969.51
12/02/2021;47287.6
13/02/2021;47153.69
14/02/2021;48577.79
15/02/2021;47911.1
16/02/2021;49133.45
17/02/2021;52119.71
18/02/2021;51552.6
19/02/2021;55906.0
20/02/2021;55841.19
21/02/2021;57408.57
22/02/2021;54087.67
23/02/2021;48891.0
24/02/2021;49676.2
25/02/2021;47073.73
26/02/2021;46276.87
27/02/2021;46106.43
28/02/2021;45135.66
01/03/2021;49587.03
02/03/2021;48440.65
03/03/2021;50349.37
04/03/2021;48374.09
05/03/2021;48751.71
06/03/2021;48882.2
07/03/2021;50971.75
08/03/2021;52375.17
09/03/2021;54884.5
10/03/2021;55851.59
11/03/2021;57773.16
12/03/2021;57221.72
13/03/2021;61188.39
14/03/2021;58968.31
15/03/2021;55605.2
16/03/2021;56900.75
17/03/2021;58912.97
18/03/2021;57648.16
19/03/2021;58030.01
20/03/2021;58102.28
21/03/2021;57351.56
22/03/2021;54083.25
23/03/2021;54340.89
24/03/2021;52303.65
25/03/2021;51293.78
26/03/2021;55025.59
27/03/2021;55817.14
28/03/2021;55777.63
29/03/2021;57635.47
30/03/2021;58746.57
31/03/2021;58740.55
01/04/2021;58720.44
02/04/2021;58950.01
03/04/2021;57051.94
04/04/2021;58202.01
05/04/2021;59129.99
06/04/2021;57991.15
07/04/2021;55953.45
08/04/2021;58077.52
09/04/2021;58142.54
10/04/2021;59769.13
11/04/2021;60002.43
12/04/2021;59860.0
13/04/2021;63575.0
14/04/2021;62959.53
15/04/2021;63159.98
16/04/2021;61334.8
17/04/2021;60006.66
18/04/2021;56150.01
19/04/2021;55633.14
20/04/2021;56425.0
21/04/2021;53787.63
22/04/2021;51690.96
23/04/2021;51125.14
24/04/2021;50047.84
25/04/2021;49066.77
26/04/2021;54001.39
27/04/2021;55011.97
28/04/2021;54846.22
29/04/2021;53555.0
30/04/2021;57694.27
01/05/2021;57800.37
02/05/2021;56578.21
03/05/2021;57169.39
04/05/2021;53200.01
05/05/2021;57436.11
06/05/2021;56393.68
07/05/2021;57314.75
08/05/2021;58862.05
09/05/2021;58240.84
10/05/2021;55816.14
11/05/2021;56670.02
12/05/2021;49631.32
13/05/2021;49670.97
14/05/2021;49841.45
15/05/2021;46762.99
16/05/2021;46431.5
17/05/2021;43538.04
18/05/2021;42849.78
19/05/2021;36690.09
20/05/2021;40526.64
21/05/2021;37252.01
22/05/2021;37449.73
23/05/2021;34655.25
24/05/2021;38796.29
25/05/2021;38324.72
26/05/2021;39241.91
27/05/2021;38529.98
28/05/2021;35663.49
29/05/2021;34605.15
30/05/2021;35641.27
31/05/2021;37253.81
01/06/2021;36693.09
02/06/2021;37568.68
03/06/2021;39246.79
04/06/2021;36829.0
05/06/2021;35513.2
06/06/2021;35796.31
07/06/2021;33552.79
08/06/2021;33380.81
09/06/2021;37388.05
10/06/2021;36675.72
11/06/2021;37331.98
12/06/2021;35546.11
13/06/2021;39020.57
14/06/2021;40516.29
15/06/2021;40144.04
16/06/2021;38349.01
17/06/2021;38092.97
18/06/2021;35819.84
19/06/2021;35483.72
20/06/2021;35600.16
21/06/2021;31608.93
22/06/2021;32509.56
23/06/2021;33678.07
24/06/2021;34663.09
25/06/2021;31584.45
26/06/2021;32283.65
27/06/2021;34700.34
28/06/2021;34494.89
29/06/2021;35911.73
30/06/2021;35045.0
01/07/2021;33504.69
02/07/2021;33786.55
03/07/2021;34669.13
04/07/2021;35286.51
05/07/2021;33690.14
06/07/2021;34220.01
07/07/2021;33862.12
08/07/2021;32875.71
09/07/2021;33815.81
10/07/2021;33502.87
11/07/2021;34258.99
12/07/2021;33086.63
13/07/2021;32729.77
14/07/2021;32820.02
15/07/2021;31880.0
16/07/2021;31383.87
17/07/2021;31520.07
18/07/2021;31778.56
19/07/2021;30839.65
20/07/2021;29790.35
21/07/2021;32144.51
22/07/2021;32287.83
23/07/2021;33634.09
24/07/2021;34258.14
25/07/2021;35381.02
26/07/2021;37237.6
27/07/2021;39457.87
28/07/2021;40019.56
29/07/2021;40016.48
30/07/2021;42206.37
31/07/2021;41461.83
01/08/2021;39845.44
02/08/2021;39147.82
03/08/2021;38207.05
04/08/2021;39723.18
05/08/2021;40862.46
06/08/2021;42836.87
07/08/2021;44572.54
08/08/2021;43794.37
09/08/2021;46253.4
10/08/2021;45584.99
11/08/2021;45511.0
12/08/2021;44399.0
13/08/2021;47800.0
14/08/2021;47068.51
15/08/2021;46973.82
16/08/2021;45901.29
17/08/2021;44695.95
18/08/2021;44705.29
19/08/2021;46760.62
20/08/2021;49322.47
21/08/2021;48821.87
22/08/2021;49239.22
23/08/2021;49488.85
24/08/2021;47674.01
25/08/2021;48973.32
26/08/2021;46843.87
27/08/2021;49069.9
28/08/2021;48895.35
29/08/2021;48767.83
30/08/2021;46982.91
31/08/2021;47100.89
01/09/2021;48810.52
02/09/2021;49246.64
03/09/2021;49999.14
04/09/2021;49915.64
05/09/2021;51756.88
06/09/2021;52663.9
07/09/2021;46863.73
08/09/2021;46048.31
09/09/2021;46395.14
10/09/2021;44850.91
11/09/2021;45173.69
12/09/2021;46025.24
13/09/2021;44940.73
14/09/2021;47111.52
15/09/2021;48121.41
16/09/2021;47737.82
17/09/2021;47299.98
18/09/2021;48292.74
19/09/2021;47241.75
20/09/2021;43015.62
21/09/2021;40734.38
22/09/2021;43543.61
23/09/2021;44865.26
24/09/2021;42810.57
25/09/2021;42670.64
26/09/2021;43160.9
27/09/2021;42147.35
28/09/2021;41026.54
29/09/2021;41524.28
30/09/2021;43824.1
01/10/2021;48141.61
02/10/2021;47634.9
03/10/2021;48200.01
04/10/2021;49224.94
05/10/2021;51471.99
06/10/2021;55315.0
07/10/2021;53785.22
08/10/2021;53951.43
09/10/2021;54949.72
10/10/2021;54659.0
11/10/2021;57471.35
12/10/2021;55996.93
13/10/2021;57367.0
14/10/2021;57347.94
15/10/2021;61672.42
16/10/2021;60875.57
17/10/2021;61528.33
18/10/2021;62009.84
19/10/2021;64280.59
20/10/2021;66001.41
21/10/2021;62193.15
22/10/2021;60688.22
23/10/2021;61286.75
24/10/2021;60852.22
25/10/2021;63078.78
26/10/2021;60328.81
27/10/2021;58413.44
28/10/2021;60575.89
29/10/2021;62253.71
30/10/2021;61859.19
31/10/2021;61299.8
01/11/2021;60911.11
02/11/2021;63219.99
03/11/2021;62896.48
04/11/2021;61395.01
05/11/2021;60937.12
06/11/2021;61470.61
07/11/2021;63273.59
08/11/2021;67525.83
09/11/2021;66947.66
10/11/2021;64882.43
11/11/2021;64774.26
12/11/2021;64122.23
13/11/2021;64380.0
14/11/2021;65519.1
15/11/2021;63606.74
16/11/2021;60058.87
17/11/2021;60344.87
18/11/2021;56891.62
19/11/2021;58052.24
20/11/2021;59707.51
21/11/2021;58622.02
22/11/2021;56247.18
23/11/2021;57541.27
24/11/2021;57138.29
25/11/2021;58960.36
26/11/2021;53726.53
27/11/2021;54721.03
28/11/2021;57274.88
29/11/2021;57776.25
30/11/2021;56950.56
01/12/2021;57184.07
02/12/2021;56480.34
03/12/2021;53601.05
04/12/2021;49152.47
05/12/2021;49396.33
06/12/2021;50441.92
07/12/2021;50588.95
08/12/2021;50471.19
09/12/2021;47545.59
10/12/2021;47140.54
11/12/2021;49389.99
12/12/2021;50053.9
13/12/2021;46702.75
14/12/2021;48343.28
15/12/2021;48864.98
16/12/2021;47632.38
17/12/2021;46131.2
18/12/2021;46834.48
19/12/2021;46681.23
20/12/2021;46914.16
21/12/2021;48889.88
22/12/2021;48588.16
23/12/2021;50838.81
24/12/2021;50820.0
25/12/2021;50399.66
26/12/2021;50775.49
27/12/2021;50701.44
28/12/2021;47543.74
29/12/2021;46464.66
30/12/2021;47120.87
31/12/2021;46216.93
01/01/2022;47722.65
02/01/2022;47286.18
03/01/2022;46446.1
04/01/2022;45832.01
05/01/2022;43451.13
06/01/2022;43082.31
07/01/2022;41566.48
08/01/2022;41679.74
09/01/2022;41864.62
10/01/2022;41822.49
11/01/2022;42729.29
12/01/2022;43902.66
13/01/2022;42560.11
14/01/2022;43059.96
15/01/2022;43084.29
16/01/2022;43071.66
17/01/2022;42201.62
18/01/2022;42352.12
19/01/2022;41660.01
20/01/2022;40680.91
21/01/2022;36445.31
22/01/2022;35071.42
23/01/2022;36244.55
24/01/2022;36660.35
25/01/2022;36958.32
26/01/2022;36809.34
27/01/2022;37160.1
28/01/2022;37716.56
29/01/2022;38166.84
30/01/2022;37881.76
31/01/2022;38466.9
01/02/2022;38694.59
02/02/2022;36896.36
03/02/2022;37311.61
04/02/2022;41574.25
05/02/2022;41382.59
06/02/2022;42380.87
07/02/2022;43839.99
08/02/2022;44042.99
09/02/2022;44372.72
10/02/2022;43495.44
11/02/2022;42373.73
12/02/2022;42217.87
13/02/2022;42053.66
14/02/2022;42535.94
15/02/2022;44544.86
16/02/2022;43873.56
17/02/2022;40515.7
18/02/2022;39974.44
19/02/2022;40079.17
20/02/2022;38386.89
21/02/2022;37008.16
22/02/2022;38230.33
23/02/2022;37250.01
24/02/2022;38327.21
25/02/2022;39219.17
26/02/2022;39116.72
27/02/2022;37699.07
28/02/2022;43160.0
01/03/2022;44421.2
02/03/2022;43892.98
03/03/2022;42454.0
04/03/2022;39148.66
05/03/2022;39397.96
06/03/2022;38420.81
07/03/2022;37988.0
08/03/2022;38730.63
09/03/2022;41941.71
10/03/2022;39422.0
11/03/2022;38729.57
12/03/2022;38807.36
13/03/2022;37777.34
14/03/2022;39671.37
15/03/2022;39280.33
16/03/2022;41114.0
17/03/2022;40917.9
18/03/2022;41757.51
19/03/2022;42201.13
20/03/2022;41262.11
21/03/2022;41002.25
22/03/2022;42364.13
23/03/2022;42882.76
24/03/2022;43991.46
25/03/2022;44313.16
26/03/2022;44511.27
27/03/2022;46827.76
28/03/2022;47122.21
29/03/2022;47434.8
30/03/2022;47067.99
31/03/2022;45510.34
01/04/2022;46283.49
02/04/2022;45811.0
03/04/2022;46407.35
04/04/2022;46580.51
05/04/2022;45497.55
06/04/2022;43170.47
07/04/2022;43444.19
08/04/2022;42252.01
09/04/2022;42753.97
10/04/2022;42158.85
11/04/2022;39530.45
12/04/2022;40074.94
13/04/2022;41147.79
14/04/2022;39942.38
15/04/2022;40551.9
16/04/2022;40378.71
17/04/2022;39678.12
18/04/2022;40801.13
19/04/2022;41493.18
20/04/2022;41358.19
21/04/2022;40480.01
22/04/2022;39709.18
23/04/2022;39441.6
24/04/2022;39450.13
25/04/2022;40426.08
26/04/2022;38112.65
27/04/2022;39235.72
28/04/2022;39742.07
29/04/2022;38596.11
30/04/2022;37630.8
01/05/2022;38468.35
02/05/2022;38525.16
03/05/2022;37728.95
04/05/2022;39690.0
05/05/2022;36552.97
06/05/2022;36013.77
07/05/2022;35472.39
08/05/2022;34038.4
09/05/2022;30076.31
10/05/2022;31017.1
11/05/2022;29103.94
12/05/2022;29029.75
13/05/2022;29287.05
14/05/2022;30086.74
15/05/2022;31328.89
16/05/2022;29874.01
17/05/2022;30444.93
18/05/2022;28715.32
19/05/2022;30319.23
20/05/2022;29201.01
21/05/2022;29445.06
22/05/2022;30293.94
23/05/2022;29109.15
24/05/2022;29654.58
25/05/2022;29542.15
26/05/2022;29201.35
27/05/2022;28629.8
28/05/2022;29031.33
29/05/2022;29468.1
30/05/2022;31734.22
31/05/2022;31801.04
01/06/2022;29805.83
02/06/2022;30452.62
03/06/2022;29700.21
04/06/2022;29864.04
05/06/2022;29919.21
06/06/2022;31373.1
07/06/2022;31125.33
08/06/2022;30204.77
09/06/2022;30109.93
10/06/2022;29091.88
11/06/2022;28424.7
12/06/2022;26574.53
13/06/2022;22487.41
14/06/2022;22136.41
15/06/2022;22583.72
16/06/2022;20401.31
17/06/2022;20468.81
18/06/2022;18970.79
19/06/2022;20574.0
20/06/2022;20573.89
21/06/2022;20723.52
22/06/2022;19987.99
23/06/2022;21110.13
24/06/2022;21237.69
25/06/2022;21491.19
26/06/2022;21038.07
27/06/2022;20742.56
28/06/2022;20281.29
29/06/2022;20123.01
30/06/2022;19942.21
01/07/2022;19279.8
02/07/2022;19252.81
03/07/2022;19315.83
04/07/2022;20236.71
05/07/2022;20175.83
06/07/2022;20564.51
07/07/2022;21624.98
08/07/2022;21594.75
09/07/2022;21591.83
10/07/2022;20862.47
11/07/2022;19963.61
12/07/2022;19328.75
13/07/2022;20234.87
14/07/2022;20588.84
15/07/2022;20830.04
16/07/2022;21195.6
17/07/2022;20798.16
18/07/2022;22432.58
19/07/2022;23396.62
20/07/2022;23223.3
21/07/2022;23152.19
22/07/2022;22684.83
23/07/2022;22451.07
24/07/2022;22579.68
25/07/2022;21310.9
26/07/2022;21254.67
27/07/2022;22952.45
28/07/2022;23842.93
29/07/2022;23773.75
30/07/2022;23643.51
31/07/2022;23293.32
01/08/2022;23268.01
02/08/2022;22987.79
03/08/2022;22818.37
04/08/2022;22622.98
05/08/2022;23312.42
06/08/2022;22954.21
07/08/2022;23174.39
08/08/2022;23810.0
09/08/2022;23149.95
10/08/2022;23954.05
11/08/2022;23934.39
12/08/2022;24403.68
13/08/2022;24441.38
14/08/2022;24305.24
15/08/2022;24094.82
16/08/2022;23854.74
17/08/2022;23342.66
18/08/2022;23191.2
19/08/2022;20834.39
20/08/2022;21140.07
21/08/2022;21515.61
22/08/2022;21399.83
23/08/2022;21529.12
24/08/2022;21368.08
25/08/2022;21559.04
26/08/2022;20241.05
27/08/2022;20037.6
28/08/2022;19555.61
29/08/2022;20285.73
30/08/2022;19811.66
31/08/2022;20050.02
01/09/2022;20131.46
02/09/2022;19951.86
03/09/2022;19831.9
04/09/2022;20000.3
05/09/2022;19796.84
06/09/2022;18790.61
07/09/2022;19292.84
08/09/2022;19319.77
09/09/2022;21360.11
10/09/2022;21648.34
11/09/2022;21826.87
12/09/2022;22395.74
13/09/2022;20173.57
14/09/2022;20226.71
15/09/2022;19701.88
16/09/2022;19803.3
17/09/2022;20113.62
18/09/2022;19416.18
19/09/2022;19537.02
20/09/2022;18875.0
21/09/2022;18461.36
22/09/2022;19401.63
23/09/2022;19289.91
24/09/2022;18920.5
25/09/2022;18807.38
26/09/2022;19227.82
27/09/2022;19079.13
28/09/2022;19412.82
29/09/2022;19591.51
30/09/2022;19422.61
01/10/2022;19310.95
02/10/2022;19056.8
03/10/2022;19629.08
04/10/2022;20337.82
05/10/2022;20158.26
06/10/2022;19960.67
07/10/2022;19530.09
08/10/2022;19417.96
09/10/2022;19439.02
10/10/2022;19131.87
11/10/2022;19060.0
12/10/2022;19155.53
13/10/2022;19375.13
14/10/2022;19176.93
15/10/2022;19069.39
16/10/2022;19262.98
17/10/2022;19549.86
18/10/2022;19327.44
19/10/2022;19123.97
20/10/2022;19041.92
21/10/2022;19164.37
22/10/2022;19204.35
23/10/2022;19570.4
24/10/2022;19329.72
25/10/2022;20080.07
26/10/2022;20771.59
27/10/2022;20295.11
28/10/2022;20591.84
29/10/2022;20809.67
30/10/2022;20627.48
31/10/2022;20490.74
01/11/2022;20483.62
02/11/2022;20151.84
03/11/2022;20207.82
04/11/2022;21148.52
05/11/2022;21299.37
06/11/2022;20905.58
07/11/2022;20591.13
08/11/2022;18547.23
09/11/2022;15922.81
10/11/2022;17601.15
11/11/2022;17070.31
12/11/2022;16812.08
13/11/2022;16329.85
14/11/2022;16619.46
15/11/2022;16900.57
16/11/2022;16662.76
17/11/2022;16692.56
18/11/2022;16700.45
19/11/2022;16700.68
20/11/2022;16280.23
21/11/2022;15781.29
22/11/2022;16226.94
23/11/2022;16603.11
24/11/2022;16598.95
25/11/2022;16522.14
26/11/2022;16458.57
27/11/2022;16428.78
28/11/2022;16212.91
29/11/2022;16442.53
30/11/2022;17163.64
01/12/2022;16977.37
02/12/2022;17092.74
03/12/2022;16885.2
04/12/2022;17105.7
05/12/2022;16966.35
06/12/2022;17088.96
