<DATE>;<BALANCE>;
2017-11-09;321.32;
2017-11-10;298.66;
2017-11-11;315.76;
2017-11-12;306.1;
2017-11-13;316.14;
2017-11-14;335.54;
2017-11-15;331.88;
2017-11-16;329.91;
2017-11-17;331.25;
2017-11-18;346.96;
2017-11-19;354.48;
2017-11-20;366.0;
2017-11-21;359.6;
2017-11-22;380.88;
2017-11-23;406.75;
2017-11-24;471.17;
2017-11-25;463.0;
2017-11-26;467.0;
2017-11-27;474.67;
2017-11-28;464.95;
2017-11-29;423.9;
2017-11-30;435.09;
2017-12-01;460.3;
2017-12-02;456.04;
2017-12-03;463.0;
2017-12-04;467.83;
2017-12-05;455.76;
2017-12-06;415.83;
2017-12-07;411.03;
2017-12-08;440.27;
2017-12-09;456.38;
2017-12-10;425.07;
2017-12-11;503.47;
2017-12-12;620.59;
2017-12-13;694.5;
2017-12-14;689.69;
2017-12-15;676.36;
2017-12-16;684.0;
2017-12-17;706.91;
2017-12-18;787.28;
2017-12-19;817.72;
2017-12-20;797.1;
2017-12-21;783.8;
2017-12-22;669.36;
2017-12-23;699.86;
2017-12-24;686.96;
2017-12-25;724.0;
2017-12-26;751.09;
2017-12-27;738.78;
2017-12-28;717.23;
2017-12-29;732.67;
2017-12-30;698.46;
2017-12-31;743.48;
2018-01-01;752.78;
2018-01-02;858.6;
2018-01-03;940.4;
2018-01-04;940.0;
2018-01-05;966.0;
2018-01-06;1004.27;
2018-01-07;1117.96;
2018-01-08;1130.0;
2018-01-09;1287.47;
2018-01-10;1240.48;
2018-01-11;1135.0;
2018-01-12;1258.68;
2018-01-13;1384.78;
2018-01-14;1359.59;
2018-01-15;1276.71;
2018-01-16;1057.88;
2018-01-17;1029.22;
2018-01-18;1024.69;
2018-01-19;1036.03;
2018-01-20;1150.0;
2018-01-21;1049.09;
2018-01-22;997.21;
2018-01-23;983.7;
2018-01-24;1065.0;
2018-01-25;1050.0;
2018-01-26;1051.81;
2018-01-27;1115.51;
2018-01-28;1229.41;
2018-01-29;1168.0;
2018-01-30;1051.54;
2018-01-31;1110.14;
2018-02-01;1022.08;
2018-02-02;918.39;
2018-02-03;969.93;
2018-02-04;826.51;
2018-02-05;692.36;
2018-02-06;784.01;
2018-02-07;752.89;
2018-02-08;812.01;
2018-02-09;875.1;
2018-02-10;851.83;
2018-02-11;809.69;
2018-02-12;865.57;
2018-02-13;841.82;
2018-02-14;922.98;
2018-02-15;927.91;
2018-02-16;940.0;
2018-02-17;977.74;
2018-02-18;912.85;
2018-02-19;938.05;
2018-02-20;884.24;
2018-02-21;837.98;
2018-02-22;803.57;
2018-02-23;851.98;
2018-02-24;835.74;
2018-02-25;842.65;
2018-02-26;868.4;
2018-02-27;870.32;
2018-02-28;850.16;
2018-03-01;869.01;
2018-03-02;856.08;
2018-03-03;853.76;
2018-03-04;862.28;
2018-03-05;848.00;
2018-03-06;813.09;
2018-03-07;750.42;
2018-03-08;698.06;
2018-03-09;726.13;
2018-03-10;682.87;
2018-03-11;720.38;
2018-03-12;695.50;
2018-03-13;690.01;
2018-03-14;613.07;
2018-03-15;611.02;
2018-03-16;599.87;
2018-03-17;550.10;
2018-03-18;538.00;
2018-03-19;555.68;
2018-03-20;557.41;
2018-03-21;560.52;
2018-03-22;540.12;
2018-03-23;543.03;
2018-03-24;519.99;
2018-03-25;521.99;
2018-03-26;485.79;
2018-03-27;449.41;
2018-03-28;446.49;
2018-03-29;383.07;
2018-03-30;393.46;
2018-03-31;393.79;
2018-04-01;378.00;
2018-04-02;384.47;
2018-04-03;415.32;
2018-04-04;378.99;
2018-04-05;381.05;
2018-04-06;370.08;
2018-04-07;384.66;
2018-04-08;400.23;
2018-04-09;399.00;
2018-04-10;415.65;
2018-04-11;430.00;
2018-04-12;494.31;
2018-04-13;495.95;
2018-04-14;503.41;
2018-04-15;533.83;
2018-04-16;510.57;
2018-04-17;502.80;
2018-04-18;525.20;
2018-04-19;566.46;
2018-04-20;617.70;
2018-04-21;604.85;
2018-04-22;621.50;
2018-04-23;643.77;
2018-04-24;703.71;
2018-04-25;617.02;
2018-04-26;660.95;
2018-04-27;642.54;
2018-04-28;683.38;
2018-04-29;689.23;
2018-04-30;669.98;
2018-05-01;669.86;
2018-05-02;687.29;
2018-05-03;776.92;
2018-05-04;782.47;
2018-05-05;815.45;
2018-05-06;787.42;
2018-05-07;751.18;
2018-05-08;747.92;
2018-05-09;749.58;
2018-05-10;723.60;
2018-05-11;677.26;
2018-05-12;683.99;
2018-05-13;730.06;
2018-05-14;727.62;
2018-05-15;707.38;
2018-05-16;706.88;
2018-05-17;669.04;
2018-05-18;692.54;
2018-05-19;695.88;
2018-05-20;716.00;
2018-05-21;696.43;
2018-05-22;640.86;
2018-05-23;576.84;
2018-05-24;601.76;
2018-05-25;584.99;
2018-05-26;585.65;
2018-05-27;571.39;
2018-05-28;512.23;
2018-05-29;566.99;
2018-05-30;556.82;
2018-05-31;576.85;
2018-06-01;578.96;
2018-06-02;591.00;
2018-06-03;619.59;
2018-06-04;590.00;
2018-06-05;607.53;
2018-06-06;606.39;
2018-06-07;604.05;
2018-06-08;599.88;
2018-06-09;593.88;
2018-06-10;526.28;
2018-06-11;530.57;
2018-06-12;494.16;
2018-06-13;475.89;
2018-06-14;520.57;
2018-06-15;488.27;
2018-06-16;497.84;
2018-06-17;497.26;
2018-06-18;517.04;
2018-06-19;538.11;
2018-06-20;536.30;
2018-06-21;525.27;
2018-06-22;462.86;
2018-06-23;475.35;
2018-06-24;455.27;
2018-06-25;458.48;
2018-06-26;429.73;
2018-06-27;441.55;
2018-06-28;420.51;
2018-06-29;434.40;
2018-06-30;453.84;
2018-07-01;452.42;
2018-07-02;475.63;
2018-07-03;460.89;
2018-07-04;466.99;
2018-07-05;467.98;
2018-07-06;469.99;
2018-07-07;485.68;
2018-07-08;485.52;
2018-07-09;471.76;
2018-07-10;433.24;
2018-07-11;444.34;
2018-07-12;430.57;
2018-07-13;433.43;
2018-07-14;433.37;
2018-07-15;449.54;
2018-07-16;478.00;
2018-07-17;498.90;
2018-07-18;479.47;
2018-07-19;468.58;
2018-07-20;447.34;
2018-07-21;461.39;
2018-07-22;457.00;
2018-07-23;449.73;
2018-07-24;479.58;
2018-07-25;471.33;
2018-07-26;461.98;
2018-07-27;469.21;
2018-07-28;469.00;
2018-07-29;466.47;
2018-07-30;456.97;
2018-07-31;432.29;
2018-08-01;420.06;
2018-08-02;410.56;
2018-08-03;416.91;
2018-08-04;406.54;
2018-08-05;408.97;
2018-08-06;404.25;
2018-08-07;378.30;
2018-08-08;355.59;
2018-08-09;363.52;
2018-08-10;331.63;
2018-08-11;317.50;
2018-08-12;318.08;
2018-08-13;283.95;
2018-08-14;277.83;
2018-08-15;281.17;
2018-08-16;286.62;
2018-08-17;317.43;
2018-08-18;293.83;
2018-08-19;299.97;
2018-08-20;270.85;
2018-08-21;281.25;
2018-08-22;269.99;
2018-08-23;275.72;
2018-08-24;280.90;
2018-08-25;277.99;
2018-08-26;274.69;
2018-08-27;287.99;
2018-08-28;295.90;
2018-08-29;288.34;
2018-08-30;284.21;
2018-08-31;281.49;
2018-09-01;295.45;
2018-09-02;294.75;
2018-09-03;288.85;
2018-09-04;285.22;
2018-09-05;227.99;
2018-09-06;229.03;
2018-09-07;214.77;
2018-09-08;197.16;
2018-09-09;195.80;
2018-09-10;196.66;
2018-09-11;185.04;
2018-09-12;182.78;
2018-09-13;211.31;
2018-09-14;208.71;
2018-09-15;221.93;
2018-09-16;220.08;
2018-09-17;196.16;
2018-09-18;208.53;
2018-09-19;209.48;
2018-09-20;224.30;
2018-09-21;247.64;
2018-09-22;239.93;
2018-09-23;244.14;
2018-09-24;228.05;
2018-09-25;218.85;
2018-09-26;214.42;
2018-09-27;228.58;
2018-09-28;220.94;
2018-09-29;230.56;
2018-09-30;231.96;
2018-10-01;229.66;
2018-10-02;224.83;
2018-10-03;218.96;
2018-10-04;221.07;
2018-10-05;226.73;
2018-10-06;223.06;
2018-10-07;224.34;
2018-10-08;227.79;
2018-10-09;226.30;
2018-10-10;223.38;
2018-10-11;188.42;
2018-10-12;194.67;
2018-10-13;196.79;
2018-10-14;192.01;
2018-10-15;204.86;
2018-10-16;205.69;
2018-10-17;203.41;
2018-10-18;199.29;
2018-10-19;200.08;
2018-10-20;202.59;
2018-10-21;202.19;
2018-10-22;201.23;
2018-10-23;200.96;
2018-10-24;200.67;
2018-10-25;199.66;
2018-10-26;200.69;
2018-10-27;201.26;
2018-10-28;202.44;
2018-10-29;194.14;
2018-10-30;195.30;
2018-10-31;196.68;
2018-11-01;197.73;
2018-11-02;199.90;
2018-11-03;198.78;
2018-11-04;210.28;
2018-11-05;208.81;
2018-11-06;218.24;
2018-11-07;216.60;
2018-11-08;210.14;
2018-11-09;208.05;
2018-11-10;210.38;
2018-11-11;210.03;
2018-11-12;208.83;
2018-11-13;203.43;
2018-11-14;178.04;
2018-11-15;178.60;
2018-11-16;172.11;
2018-11-17;172.40;
2018-11-18;175.99;
2018-11-19;145.31;
2018-11-20;127.36;
2018-11-21;134.44;
2018-11-22;123.40;
2018-11-23;121.33;
2018-11-24;110.26;
2018-11-25;113.59;
2018-11-26;106.82;
2018-11-27;108.47;
2018-11-28;121.81;
2018-11-29;116.46;
2018-11-30;111.90;
2018-12-01;116.80;
2018-12-02;114.91;
2018-12-03;107.28;
2018-12-04;108.80;
2018-12-05;100.67;
2018-12-06;89.16;
2018-12-07;92.50;
2018-12-08;90.07;
2018-12-09;92.63;
2018-12-10;89.27;
2018-12-11;86.90;
2018-12-12;89.09;
2018-12-13;85.31;
2018-12-14;82.91;
2018-12-15;83.08;
2018-12-16;83.76;
2018-12-17;93.98;
2018-12-18;100.89;
2018-12-19;99.27;
2018-12-20;114.54;
2018-12-21;107.71;
2018-12-22;115.60;
2018-12-23;129.73;
2018-12-24;139.00;
2018-12-25;128.81;
2018-12-26;130.53;
2018-12-27;114.60;
2018-12-28;136.94;
2018-12-29;134.02;
2018-12-30;138.56;
2018-12-31;130.67;
2019-01-01;139.75;
2019-01-02;153.35;
2019-01-03;147.02;
2019-01-04;152.98;
2019-01-05;153.85;
2019-01-06;156.00;
2019-01-07;150.66;
2019-01-08;149.01;
2019-01-09;149.58;
2019-01-10;126.45;
2019-01-11;125.93;
2019-01-12;124.56;
2019-01-13;115.25;
2019-01-14;128.33;
2019-01-15;120.04;
2019-01-16;122.14;
2019-01-17;122.52;
2019-01-18;119.35;
2019-01-19;123.09;
2019-01-20;117.48;
2019-01-21;115.86;
2019-01-22;118.00;
2019-01-23;116.56;
2019-01-24;116.50;
2019-01-25;114.79;
2019-01-26;114.95;
2019-01-27;111.33;
2019-01-28;105.47;
2019-01-29;104.10;
2019-01-30;107.60;
2019-01-31;105.81;
2019-02-01;106.03;
2019-02-02;109.24;
2019-02-03;105.91;
2019-02-04;105.95;
2019-02-05;106.00;
2019-02-06;103.32;
2019-02-07;103.30;
2019-02-08;118.19;
2019-02-09;117.92;
2019-02-10;123.94;
2019-02-11;119.43;
2019-02-12;120.93;
2019-02-13;120.61;
2019-02-14;119.28;
2019-02-15;120.45;
2019-02-16;121.68;
2019-02-17;132.28;
2019-02-18;144.52;
2019-02-19;142.62;
2019-02-20;147.03;
2019-02-21;144.30;
2019-02-22;146.40;
2019-02-23;157.42;
2019-02-24;131.84;
2019-02-25;137.63;
2019-02-26;135.90;
2019-02-27;134.06;
2019-02-28;134.34;
2019-03-01;134.83;
2019-03-02;132.19;
2019-03-03;129.63;
2019-03-04;125.16;
2019-03-05;136.18;
2019-03-06;137.04;
2019-03-07;136.10;
2019-03-08;132.80;
2019-03-09;136.33;
2019-03-10;134.59;
2019-03-11;131.94;
2019-03-12;132.67;
2019-03-13;131.16;
2019-03-14;131.30;
2019-03-15;135.77;
2019-03-16;140.38;
2019-03-17;138.15;
2019-03-18;136.86;
2019-03-19;138.08;
2019-03-20;138.71;
2019-03-21;134.49;
2019-03-22;135.60;
2019-03-23;136.63;
2019-03-24;135.29;
2019-03-25;133.28;
2019-03-26;133.10;
2019-03-27;138.97;
2019-03-28;137.35;
2019-03-29;142.79;
2019-03-30;142.27;
2019-03-31;141.02;
2019-04-01;141.00;
2019-04-02;164.58;
2019-04-03;160.89;
2019-04-04;157.72;
2019-04-05;166.06;
2019-04-06;166.00;
2019-04-07;174.90;
2019-04-08;180.72;
2019-04-09;175.59;
2019-04-10;177.70;
2019-04-11;164.96;
2019-04-12;164.11;
2019-04-13;163.65;
2019-04-14;168.00;
2019-04-15;159.91;
2019-04-16;166.52;
2019-04-17;166.74;
2019-04-18;174.17;
2019-04-19;173.66;
2019-04-20;173.50;
2019-04-21;169.87;
2019-04-22;171.47;
2019-04-23;170.30;
2019-04-24;165.74;
2019-04-25;152.00;
2019-04-26;153.10;
2019-04-27;155.68;
2019-04-28;153.13;
2019-04-29;152.42;
2019-04-30;160.06;
2019-05-01;158.30;
2019-05-02;158.52;
2019-05-03;164.82;
2019-05-04;161.95;
2019-05-05;161.35;
2019-05-06;171.21;
2019-05-07;166.15;
2019-05-08;169.61;
2019-05-09;170.18;
2019-05-10;172.30;
2019-05-11;192.00;
2019-05-12;188.26;
2019-05-13;196.47;
2019-05-14;217.50;
2019-05-15;248.79;
2019-05-16;264.51;
2019-05-17;244.09;
2019-05-18;234.03;
2019-05-19;261.34;
2019-05-20;252.38;
2019-05-21;254.77;
2019-05-22;243.64;
2019-05-23;245.79;
2019-05-24;249.65;
2019-05-25;251.95;
2019-05-26;268.21;
2019-05-27;271.79;
2019-05-28;271.00;
2019-05-29;269.29;
2019-05-30;254.37;
2019-05-31;267.07;
2019-06-01;264.56;
2019-06-02;269.42;
2019-06-03;249.50;
2019-06-04;240.66;
2019-06-05;246.18;
2019-06-06;249.46;
2019-06-07;249.35;
2019-06-08;244.43;
2019-06-09;231.73;
2019-06-10;247.81;
2019-06-11;245.25;
2019-06-12;262.54;
2019-06-13;255.14;
2019-06-14;263.71;
2019-06-15;269.29;
2019-06-16;268.19;
2019-06-17;273.94;
2019-06-18;264.24;
2019-06-19;269.00;
2019-06-20;272.01;
2019-06-21;295.93;
2019-06-22;308.32;
2019-06-23;306.39;
2019-06-24;310.98;
2019-06-25;316.88;
2019-06-26;334.78;
2019-06-27;293.57;
2019-06-28;309.87;
2019-06-29;318.00;
2019-06-30;289.95;
2019-07-01;293.81;
2019-07-02;291.36;
2019-07-03;301.98;
2019-07-04;282.77;
2019-07-05;287.95;
2019-07-06;287.65;
2019-07-07;306.59;
2019-07-08;313.21;
2019-07-09;307.60;
2019-07-10;288.73;
2019-07-11;269.01;
2019-07-12;275.66;
2019-07-13;269.06;
2019-07-14;225.89;
2019-07-15;228.65;
2019-07-16;198.44;
2019-07-17;211.47;
2019-07-18;226.03;
2019-07-19;221.34;
2019-07-20;228.66;
2019-07-21;225.28;
2019-07-22;217.13;
2019-07-23;211.96;
2019-07-24;216.57;
2019-07-25;219.17;
2019-07-26;219.21;
2019-07-27;206.88;
2019-07-28;211.14;
2019-07-29;210.81;
2019-07-30;209.81;
2019-07-31;218.68;
2019-08-01;217.72;
2019-08-02;217.62;
2019-08-03;222.03;
2019-08-04;223.00;
2019-08-05;232.92;
2019-08-06;225.92;
2019-08-07;226.00;
2019-08-08;220.97;
2019-08-09;210.59;
2019-08-10;206.46;
2019-08-11;216.02;
2019-08-12;211.18;
2019-08-13;208.49;
2019-08-14;186.12;
2019-08-15;188.31;
2019-08-16;185.27;
2019-08-17;185.51;
2019-08-18;194.72;
2019-08-19;202.40;
2019-08-20;196.41;
2019-08-21;187.17;
2019-08-22;190.81;
2019-08-23;194.51;
2019-08-24;191.06;
2019-08-25;186.45;
2019-08-26;188.38;
2019-08-27;187.45;
2019-08-28;172.83;
2019-08-29;168.92;
2019-08-30;168.33;
2019-08-31;171.87;
2019-09-01;171.27;
2019-09-02;178.75;
2019-09-03;178.91;
2019-09-04;174.91;
2019-09-05;174.62;
2019-09-06;169.09;
2019-09-07;178.30;
2019-09-08;181.48;
2019-09-09;180.57;
2019-09-10;179.76;
2019-09-11;178.33;
2019-09-12;180.72;
2019-09-13;181.30;
2019-09-14;188.73;
2019-09-15;189.54;
2019-09-16;197.82;
2019-09-17;207.83;
2019-09-18;210.25;
2019-09-19;220.78;
2019-09-20;218.11;
2019-09-21;214.77;
2019-09-22;211.17;
2019-09-23;201.04;
2019-09-24;166.90;
2019-09-25;169.97;
2019-09-26;165.71;
2019-09-27;173.79;
2019-09-28;173.80;
2019-09-29;169.42;
2019-09-30;181.34;
2019-10-01;176.20;
2019-10-02;180.86;
2019-10-03;175.02;
2019-10-04;176.49;
2019-10-05;176.63;
2019-10-06;170.12;
2019-10-07;180.23;
2019-10-08;180.73;
2019-10-09;193.18;
2019-10-10;191.64;
2019-10-11;180.84;
2019-10-12;180.02;
2019-10-13;181.18;
2019-10-14;186.74;
2019-10-15;180.67;
2019-10-16;174.75;
2019-10-17;177.51;
2019-10-18;173.21;
2019-10-19;172.08;
2019-10-20;175.62;
2019-10-21;174.24;
2019-10-22;171.29;
2019-10-23;162.49;
2019-10-24;160.66;
2019-10-25;181.51;
2019-10-26;179.93;
2019-10-27;184.34;
2019-10-28;181.98;
2019-10-29;190.95;
2019-10-30;183.31;
2019-10-31;182.69;
2019-11-01;183.42;
2019-11-02;182.72;
2019-11-03;181.57;
2019-11-04;186.31;
2019-11-05;188.68;
2019-11-06;191.14;
2019-11-07;186.23;
2019-11-08;183.88;
2019-11-09;185.04;
2019-11-10;188.99;
2019-11-11;184.39;
2019-11-12;186.73;
2019-11-13;187.75;
2019-11-14;184.45;
2019-11-15;179.82;
2019-11-16;182.33;
2019-11-17;183.85;
2019-11-18;177.86;
2019-11-19;175.65;
2019-11-20;174.23;
2019-11-21;160.90;
2019-11-22;150.17;
2019-11-23;152.34;
2019-11-24;139.79;
2019-11-25;145.94;
2019-11-26;147.77;
2019-11-27;152.64;
2019-11-28;150.96;
2019-11-29;154.60;
2019-11-30;151.65;
2019-12-01;151.13;
2019-12-02;149.04;
2019-12-03;147.38;
2019-12-04;145.46;
2019-12-05;147.99;
2019-12-06;148.49;
2019-12-07;147.31;
2019-12-08;150.62;
2019-12-09;147.36;
2019-12-10;145.64;
2019-12-11;143.20;
2019-12-12;144.74;
2019-12-13;144.59;
2019-12-14;141.64;
2019-12-15;142.33;
2019-12-16;132.29;
2019-12-17;121.78;
2019-12-18;132.94;
2019-12-19;128.15;
2019-12-20;128.28;
2019-12-21;127.11;
2019-12-22;132.28;
2019-12-23;128.11;
2019-12-24;127.74;
2019-12-25;124.97;
2019-12-26;125.43;
2019-12-27;126.31;
2019-12-28;127.73;
2019-12-29;134.25;
2019-12-30;131.05;
2019-12-31;128.63;
2020-01-01;130.27;
2020-01-02;126.76;
2020-01-03;133.89;
2020-01-04;133.85;
2020-01-05;134.94;
2020-01-06;144.37;
2020-01-07;143.00;
2020-01-08;140.48;
2020-01-09;137.92;
2020-01-10;144.73;
2020-01-11;142.63;
2020-01-12;146.28;
2020-01-13;143.51;
2020-01-14;165.93;
2020-01-15;166.26;
2020-01-16;164.09;
2020-01-17;169.62;
2020-01-18;174.24;
2020-01-19;166.72;
2020-01-20;166.65;
2020-01-21;169.35;
2020-01-22;167.81;
2020-01-23;162.51;
2020-01-24;162.15;
2020-01-25;160.54;
2020-01-26;167.65;
2020-01-27;169.73;
2020-01-28;175.80;
2020-01-29;173.45;
2020-01-30;184.30;
2020-01-31;179.84;
2020-02-01;183.51;
2020-02-02;188.16;
2020-02-03;189.66;
2020-02-04;188.15;
2020-02-05;203.54;
2020-02-06;213.09;
2020-02-07;223.43;
2020-02-08;223.20;
2020-02-09;228.42;
2020-02-10;222.74;
2020-02-11;237.95;
2020-02-12;266.42;
2020-02-13;268.94;
2020-02-14;285.96;
2020-02-15;264.67;
2020-02-16;258.89;
2020-02-17;268.30;
2020-02-18;281.87;
2020-02-19;258.57;
2020-02-20;257.42;
2020-02-21;265.71;
2020-02-22;262.13;
2020-02-23;275.66;
2020-02-24;266.04;
2020-02-25;246.58;
2020-02-26;223.76;
2020-02-27;227.23;
2020-02-28;227.26;
2020-02-29;217.63;
2020-03-01;217.34;
2020-03-02;231.97;
2020-03-03;223.46;
2020-03-04;224.52;
2020-03-05;228.81;
2020-03-06;245.52;
2020-03-07;237.54;
2020-03-08;199.38;
2020-03-09;202.93;
2020-03-10;200.39;
2020-03-11;194.57;
2020-03-12;109.42;
2020-03-13;135.45;
2020-03-14;122.43;
2020-03-15;123.55;
2020-03-16;111.04;
2020-03-17;115.91;
2020-03-18;118.63;
2020-03-19;136.75;
2020-03-20;133.50;
2020-03-21;132.65;
2020-03-22;122.47;
2020-03-23;136.54;
2020-03-24;139.12;
2020-03-25;136.42;
2020-03-26;138.97;
2020-03-27;131.43;
2020-03-28;131.35;
2020-03-29;124.59;
2020-03-30;132.36;
2020-03-31;133.14;
2020-04-01;135.98;
2020-04-02;141.71;
2020-04-03;141.40;
2020-04-04;144.59;
2020-04-05;143.03;
2020-04-06;171.65;
2020-04-07;164.55;
2020-04-08;173.23;
2020-04-09;170.07;
2020-04-10;157.97;
2020-04-11;158.65;
2020-04-12;158.39;
2020-04-13;157.03;
2020-04-14;158.61;
2020-04-15;152.96;
2020-04-16;172.37;
2020-04-17;171.00;
2020-04-18;188.03;
2020-04-19;180.20;
2020-04-20;170.64;
2020-04-21;171.07;
2020-04-22;183.25;
2020-04-23;185.67;
2020-04-24;187.56;
2020-04-25;194.00;
2020-04-26;197.96;
2020-04-27;196.90;
2020-04-28;196.73;
2020-04-29;215.67;
2020-04-30;206.20;
2020-05-01;212.02;
2020-05-02;214.07;
2020-05-03;210.20;
2020-05-04;207.01;
2020-05-05;205.62;
2020-05-06;199.13;
2020-05-07;212.56;
2020-05-08;211.59;
2020-05-09;210.21;
2020-05-10;188.06;
2020-05-11;186.18;
2020-05-12;189.79;
2020-05-13;199.80;
2020-05-14;203.11;
2020-05-15;194.57;
2020-05-16;200.43;
2020-05-17;207.03;
2020-05-18;214.84;
2020-05-19;214.62;
2020-05-20;209.98;
2020-05-21;198.64;
2020-05-22;207.12;
2020-05-23;206.84;
2020-05-24;199.64;
2020-05-25;204.04;
2020-05-26;201.16;
2020-05-27;208.32;
2020-05-28;220.57;
2020-05-29;220.60;
2020-05-30;243.28;
2020-05-31;231.63;
2020-06-01;248.03;
2020-06-02;237.72;
2020-06-03;244.69;
2020-06-04;243.32;
2020-06-05;240.19;
2020-06-06;242.21;
2020-06-07;244.74;
2020-06-08;246.82;
2020-06-09;244.14;
2020-06-10;248.04;
2020-06-11;230.14;
2020-06-12;237.41;
2020-06-13;238.12;
2020-06-14;231.59;
2020-06-15;230.78;
2020-06-16;235.28;
2020-06-17;233.62;
2020-06-18;231.16;
2020-06-19;228.64;
2020-06-20;228.89;
2020-06-21;227.73;
2020-06-22;243.33;
2020-06-23;243.23;
2020-06-24;234.43;
2020-06-25;232.44;
2020-06-26;229.31;
2020-06-27;220.83;
2020-06-28;224.94;
2020-06-29;227.87;
2020-06-30;225.62;
2020-07-01;231.05;
2020-07-02;226.53;
2020-07-03;225.24;
2020-07-04;229.20;
2020-07-05;227.78;
2020-07-06;241.88;
2020-07-07;239.23;
2020-07-08;247.16;
2020-07-09;242.04;
2020-07-10;241.11;
2020-07-11;239.22;
2020-07-12;242.74;
2020-07-13;239.49;
2020-07-14;240.45;
2020-07-15;238.27;
2020-07-16;233.56;
2020-07-17;232.59;
2020-07-18;235.84;
2020-07-19;239.24;
2020-07-20;235.98;
2020-07-21;245.91;
2020-07-22;264.23;
2020-07-23;275.66;
2020-07-24;279.32;
2020-07-25;305.66;
2020-07-26;311.47;
2020-07-27;322.86;
2020-07-28;317.53;
2020-07-29;318.40;
2020-07-30;335.04;
2020-07-31;346.67;
2020-08-01;387.32;
2020-08-02;371.96;
2020-08-03;386.30;
2020-08-04;389.75;
2020-08-05;401.21;
2020-08-06;394.90;
2020-08-07;379.71;
2020-08-08;397.48;
2020-08-09;390.32;
2020-08-10;395.99;
2020-08-11;378.98;
2020-08-12;387.31;
2020-08-13;424.90;
2020-08-14;438.72;
2020-08-15;432.78;
2020-08-16;434.05;
2020-08-17;430.86;
2020-08-18;422.09;
2020-08-19;407.43;
2020-08-20;416.18;
2020-08-21;388.11;
2020-08-22;396.12;
2020-08-23;390.86;
2020-08-24;408.28;
2020-08-25;383.78;
2020-08-26;386.14;
2020-08-27;383.43;
2020-08-28;395.42;
2020-08-29;398.58;
2020-08-30;428.92;
2020-08-31;434.00;
2020-09-01;475.59;
2020-09-02;439.92;
2020-09-03;382.47;
2020-09-04;385.94;
2020-09-05;334.91;
2020-09-06;352.76;
2020-09-07;353.53;
2020-09-08;337.28;
2020-09-09;351.21;
2020-09-10;367.90;
2020-09-11;374.06;
2020-09-12;387.58;
2020-09-13;366.48;
2020-09-14;377.25;
2020-09-15;364.03;
2020-09-16;365.11;
2020-09-17;389.27;
2020-09-18;384.84;
2020-09-19;385.50;
2020-09-20;370.86;
2020-09-21;340.18;
2020-09-22;344.04;
2020-09-23;320.17;
2020-09-24;349.03;
2020-09-25;351.51;
2020-09-26;353.92;
2020-09-27;357.39;
2020-09-28;353.95;
2020-09-29;359.80;
2020-09-30;359.94;
2020-10-01;352.95;
2020-10-02;345.68;
2020-10-03;346.31;
2020-10-04;352.68;
2020-10-05;353.64;
2020-10-06;340.77;
2020-10-07;341.86;
2020-10-08;351.25;
2020-10-09;365.51;
2020-10-10;371.06;
2020-10-11;374.33;
2020-10-12;386.43;
2020-10-13;381.50;
2020-10-14;378.86;
2020-10-15;377.88;
2020-10-16;365.61;
2020-10-17;368.56;
2020-10-18;378.48;
2020-10-19;379.17;
2020-10-20;368.68;
2020-10-21;391.59;
2020-10-22;414.56;
2020-10-23;409.76;
2020-10-24;412.62;
2020-10-25;406.28;
2020-10-26;393.11;
2020-10-27;403.91;
2020-10-28;388.60;
2020-10-29;387.34;
2020-10-30;382.61;
2020-10-31;387.01;
2020-11-01;396.78;
2020-11-02;383.86;
2020-11-03;388.42;
2020-11-04;403.06;
2020-11-05;417.05;
2020-11-06;456.30;
2020-11-07;435.46;
2020-11-08;454.83;
2020-11-09;444.28;
2020-11-10;450.55;
2020-11-11;464.33;
2020-11-12;463.06;
2020-11-13;477.18;
2020-11-14;461.31;
2020-11-15;448.45;
2020-11-16;460.57;
2020-11-17;482.96;
2020-11-18;478.71;
2020-11-19;471.90;
2020-11-20;510.35;
2020-11-21;552.96;
2020-11-22;561.26;
2020-11-23;609.35;
2020-11-24;605.72;
2020-11-25;569.64;
2020-11-26;520.21;
2020-11-27;518.65;
2020-11-28;537.92;
2020-11-29;576.60;
2020-11-30;617.00;
2020-12-01;586.16;
2020-12-02;598.20;
2020-12-03;616.74;
2020-12-04;567.78;
2020-12-05;597.16;
2020-12-06;602.47;
2020-12-07;591.65;
2020-12-08;554.72;
2020-12-09;573.44;
2020-12-10;558.11;
2020-12-11;543.76;
2020-12-12;568.20;
2020-12-13;590.71;
2020-12-14;586.17;
2020-12-15;589.04;
2020-12-16;638.31;
2020-12-17;643.71;
2020-12-18;655.00;
2020-12-19;658.71;
2020-12-20;638.49;
2020-12-21;607.77;
2020-12-22;637.23;
2020-12-23;585.43;
2020-12-24;612.23;
2020-12-25;626.78;
2020-12-26;636.49;
2020-12-27;683.60;
2020-12-28;729.63;
2020-12-29;731.80;
2020-12-30;752.71;
2020-12-31;737.24;
2021-01-01;731.18;
2021-01-02;775.59;
2021-01-03;979.33;
2021-01-04;1042.95;
2021-01-05;1102.97;
2021-01-06;1212.85;
2021-01-07;1226.56;
2021-01-08;1217.84;
2021-01-09;1280.11;
2021-01-10;1256.00;
2021-01-11;1087.82;
2021-01-12;1048.42;
2021-01-13;1130.76;
2021-01-14;1233.01;
2021-01-15;1170.93;
2021-01-16;1228.19;
2021-01-17;1232.95;
2021-01-18;1257.86;
2021-01-19;1369.62;
2021-01-20;1377.80;
2021-01-21;1110.37;
2021-01-22;1234.77;
2021-01-23;1234.52;
2021-01-24;1393.50;
2021-01-25;1317.92;
2021-01-26;1367.96;
2021-01-27;1240.62;
2021-01-28;1331.71;
2021-01-29;1379.35;
2021-01-30;1378.15;
2021-01-31;1314.17;
2021-02-01;1375.28;
2021-02-02;1513.00;
2021-02-03;1667.28;
2021-02-04;1598.89;
2021-02-05;1721.04;
2021-02-06;1679.46;
2021-02-07;1615.44;
2021-02-08;1752.30;
2021-02-09;1772.94;
2021-02-10;1743.14;
2021-02-11;1788.18;
2021-02-12;1845.93;
2021-02-13;1817.20;
2021-02-14;1802.00;
2021-02-15;1780.19;
2021-02-16;1781.16;
2021-02-17;1851.26;
2021-02-18;1939.05;
2021-02-19;1958.16;
2021-02-20;1916.40;
2021-02-21;1935.24;
2021-02-22;1778.72;
2021-02-23;1578.14;
2021-02-24;1625.51;
2021-02-25;1480.16;
2021-02-26;1447.06;
2021-02-27;1459.03;
2021-02-28;1421.77;
2021-03-01;1570.83;
2021-03-02;1488.80;
2021-03-03;1568.00;
2021-03-04;1538.23;
2021-03-05;1527.29;
2021-03-06;1651.16;
2021-03-07;1727.30;
2021-03-08;1835.06;
2021-03-09;1872.78;
2021-03-10;1793.51;
2021-03-11;1826.23;
2021-03-12;1767.48;
2021-03-13;1920.98;
2021-03-14;1848.37;
2021-03-15;1793.21;
2021-03-16;1805.65;
2021-03-17;1822.30;
2021-03-18;1776.02;
2021-03-19;1809.44;
2021-03-20;1803.79;
2021-03-21;1783.59;
2021-03-22;1681.69;
2021-03-23;1670.16;
2021-03-24;1582.94;
2021-03-25;1586.26;
2021-03-26;1699.37;
2021-03-27;1713.60;
2021-03-28;1686.50;
2021-03-29;1817.22;
2021-03-30;1842.12;
2021-03-31;1917.91;
2021-04-01;1967.82;
2021-04-02;2134.56;
2021-04-03;2008.28;
2021-04-04;2075.74;
2021-04-05;2107.23;
2021-04-06;2112.69;
2021-04-07;1963.08;
2021-04-08;2081.00;
2021-04-09;2065.93;
2021-04-10;2134.22;
2021-04-11;2148.15;
2021-04-12;2136.77;
2021-04-13;2299.69;
2021-04-14;2432.63;
2021-04-15;2517.35;
2021-04-16;2426.19;
2021-04-17;2317.11;
2021-04-18;2241.50;
2021-04-19;2163.77;
2021-04-20;2333.71;
2021-04-21;2358.13;
2021-04-22;2400.00;
2021-04-23;2369.77;
2021-04-24;2217.33;
2021-04-25;2321.81;
2021-04-26;2534.69;
2021-04-27;2668.89;
2021-04-28;2750.37;
2021-04-29;2758.06;
2021-04-30;2777.11;
2021-05-01;2947.57;
2021-05-02;2951.78;
2021-05-03;3430.16;
2021-05-04;3238.42;
2021-05-05;3528.20;
2021-05-06;3490.33;
2021-05-07;3483.81;
2021-05-08;3915.00;
2021-05-09;3928.05;
2021-05-10;3950.36;
2021-05-11;4179.47;
2021-05-12;3810.19;
2021-05-13;3720.21;
2021-05-14;4080.31;
2021-05-15;3646.01;
2021-05-16;3585.36;
2021-05-17;3281.32;
2021-05-18;3380.57;
2021-05-19;2443.76;
2021-05-20;2774.37;
2021-05-21;2436.11;
2021-05-22;2296.31;
2021-05-23;2098.33;
2021-05-24;2651.70;
2021-05-25;2704.31;
2021-05-26;2889.65;
2021-05-27;2741.07;
2021-05-28;2413.17;
2021-05-29;2279.59;
2021-05-30;2389.91;
2021-05-31;2707.27;
2021-06-01;2634.30;
2021-06-02;2707.66;
2021-06-03;2856.41;
2021-06-04;2691.14;
2021-06-05;2629.40;
2021-06-06;2710.48;
2021-06-07;2593.47;
2021-06-08;2508.85;
2021-06-09;2612.13;
2021-06-10;2472.27;
2021-06-11;2353.10;
2021-06-12;2367.00;
2021-06-13;2510.53;
2021-06-14;2583.06;
2021-06-15;2544.58;
2021-06-16;2366.56;
2021-06-17;2371.13;
2021-06-18;2227.29;
2021-06-19;2165.00;
2021-06-20;2242.60;
2021-06-21;1887.63;
2021-06-22;1880.79;
2021-06-23;1968.70;
2021-06-24;1989.63;
2021-06-25;1810.88;
2021-06-26;1831.03;
2021-06-27;1983.22;
2021-06-28;2082.46;
2021-06-29;2162.50;
2021-06-30;2276.34;
2021-07-01;2107.77;
2021-07-02;2155.07;
2021-07-03;2227.69;
2021-07-04;2324.49;
2021-07-05;2199.00;
2021-07-06;2323.16;
2021-07-07;2312.92;
2021-07-08;2114.79;
2021-07-09;2146.58;
2021-07-10;2109.76;
2021-07-11;2138.96;
2021-07-12;2034.88;
2021-07-13;1940.15;
2021-07-14;1993.91;
2021-07-15;1915.93;
2021-07-16;1876.66;
2021-07-17;1898.48;
2021-07-18;1890.99;
2021-07-19;1817.29;
2021-07-20;1786.54;
2021-07-21;1995.50;
2021-07-22;2023.00;
2021-07-23;2126.20;
2021-07-24;2185.86;
2021-07-25;2194.00;
2021-07-26;2228.00;
2021-07-27;2304.62;
2021-07-28;2299.52;
2021-07-29;2383.89;
2021-07-30;2464.18;
2021-07-31;2525.76;
2021-08-01;2556.30;
2021-08-02;2608.07;
2021-08-03;2508.04;
2021-08-04;2725.34;
2021-08-05;2830.09;
2021-08-06;2892.51;
2021-08-07;3162.81;
2021-08-08;3015.33;
2021-08-09;3167.00;
2021-08-10;3141.68;
2021-08-11;3161.79;
2021-08-12;3044.74;
2021-08-13;3324.52;
2021-08-14;3267.79;
2021-08-15;3311.44;
2021-08-16;3146.83;
2021-08-17;3011.95;
2021-08-18;3014.15;
2021-08-19;3185.18;
2021-08-20;3285.64;
2021-08-21;3226.15;
2021-08-22;3241.55;
2021-08-23;3317.25;
2021-08-24;3175.68;
2021-08-25;3230.85;
2021-08-26;3093.48;
2021-08-27;3276.68;
2021-08-28;3245.00;
2021-08-29;3225.34;
2021-08-30;3226.49;
2021-08-31;3432.54;
2021-09-01;3831.70;
2021-09-02;3786.56;
2021-09-03;3938.74;
2021-09-04;3887.10;
2021-09-05;3951.48;
2021-09-06;3928.29;
2021-09-07;3429.61;
2021-09-08;3492.64;
2021-09-09;3424.01;
2021-09-10;3209.71;
2021-09-11;3266.98;
2021-09-12;3406.08;
2021-09-13;3281.62;
2021-09-14;3437.00;
2021-09-15;3615.24;
2021-09-16;3571.25;
2021-09-17;3398.90;
2021-09-18;3435.78;
2021-09-19;3328.81;
2021-09-20;2977.58;
2021-09-21;2765.88;
2021-09-22;3079.09;
2021-09-23;3154.03;
2021-09-24;2929.30;
2021-09-25;2925.75;
2021-09-26;3064.32;
2021-09-27;2923.93;
2021-09-28;2807.46;
2021-09-29;2851.40;
2021-09-30;3000.59;
2021-10-01;3311.72;
2021-10-02;3391.71;
2021-10-03;3417.43;
2021-10-04;3383.88;
2021-10-05;3516.09;
2021-10-06;3576.54;
2021-10-07;3587.91;
2021-10-08;3563.15;
2021-10-09;3574.03;
2021-10-10;3422.00;
2021-10-11;3543.94;
2021-10-12;3490.18;
2021-10-13;3609.35;
2021-10-14;3790.53;
2021-10-15;3868.99;
2021-10-16;3829.26;
2021-10-17;3844.97;
2021-10-18;3744.75;
2021-10-19;3878.13;
2021-10-20;4163.58;
2021-10-21;4055.82;
2021-10-22;3970.42;
2021-10-23;4172.37;
2021-10-24;4082.17;
2021-10-25;4220.89;
2021-10-26;4131.91;
2021-10-27;3923.22;
2021-10-28;4289.81;
2021-10-29;4417.00;
2021-10-30;4323.27;
2021-10-31;4288.58;
2021-11-01;4323.95;
2021-11-02;4595.58;
2021-11-03;4606.95;
2021-11-04;4538.20;
2021-11-05;4480.00;
2021-11-06;4522.65;
2021-11-07;4617.75;
2021-11-08;4811.59;
2021-11-09;4733.09;
2021-11-10;4634.19;
2021-11-11;4723.51;
2021-11-12;4673.95;
2021-11-13;4646.02;
2021-11-14;4630.85;
2021-11-15;4562.30;
2021-11-16;4209.77;
2021-11-17;4291.83;
2021-11-18;3999.76;
2021-11-19;4300.36;
2021-11-20;4415.51;
2021-11-21;4265.94;
2021-11-22;4094.09;
2021-11-23;4342.53;
2021-11-24;4270.67;
2021-11-25;4525.78;
2021-11-26;4045.90;
2021-11-27;4100.30;
2021-11-28;4300.86;
2021-11-29;4448.71;
2021-11-30;4630.88;
2021-12-01;4587.58;
2021-12-02;4516.03;
2021-12-03;4222.80;
2021-12-04;4124.51;
2021-12-05;4198.73;
2021-12-06;4357.06;
2021-12-07;4311.66;
2021-12-08;4442.56;
2021-12-09;4105.61;
2021-12-10;3901.67;
2021-12-11;4089.22;
2021-12-12;4136.06;
2021-12-13;3786.59;
2021-12-14;3862.68;
2021-12-15;4020.51;
2021-12-16;3955.08;
2021-12-17;3877.30;
2021-12-18;3961.56;
2021-12-19;3922.28;
2021-12-20;3946.12;
2021-12-21;4018.39;
2021-12-22;3981.73;
2021-12-23;4113.76;
2021-12-24;4049.93;
2021-12-25;4099.24;
2021-12-26;4062.58;
2021-12-27;4037.40;
2021-12-28;3793.08;
2021-12-29;3627.68;
2021-12-30;3711.82;
2021-12-31;3677.00;
2022-01-01;3768.13;
2022-01-02;3830.84;
2022-01-03;3764.90;
2022-01-04;3786.64;
2022-01-05;3538.66;
2022-01-06;3408.35;
2022-01-07;3196.03;
2022-01-08;3081.09;
2022-01-09;3151.58;
2022-01-10;3083.16;
2022-01-11;3242.74;
2022-01-12;3374.65;
2022-01-13;3241.82;
2022-01-14;3308.82;
2022-01-15;3329.71;
2022-01-16;3350.15;
2022-01-17;3211.22;
2022-01-18;3163.04;
2022-01-19;3083.12;
2022-01-20;2999.53;
2022-01-21;2568.58;
2022-01-22;2412.04;
2022-01-23;2543.27;
2022-01-24;2443.43;
2022-01-25;2459.84;
2022-01-26;2463.78;
2022-01-27;2425.24;
2022-01-28;2547.40;
2022-01-29;2603.89;
2022-01-30;2602.37;
2022-01-31;2688.91;
2022-02-01;2791.04;
2022-02-02;2682.30;
2022-02-03;2697.56;
2022-02-04;2997.77;
2022-02-05;3016.45;
2022-02-06;3058.17;
2022-02-07;3142.24;
2022-02-08;3120.91;
2022-02-09;3247.46;
2022-02-10;3076.07;
2022-02-11;2928.66;
2022-02-12;2916.90;
2022-02-13;2872.78;
2022-02-14;2936.13;
2022-02-15;3187.28;
2022-02-16;3123.24;
2022-02-17;2899.88;
2022-02-18;2782.72;
2022-02-19;2764.60;
2022-02-20;2620.80;
2022-02-21;2571.59;
2022-02-22;2638.75;
2022-02-23;2579.62;
2022-02-24;2599.04;
2022-02-25;2769.95;
2022-02-26;2779.62;
2022-02-27;2617.97;
2022-02-28;2925.52;
2022-03-01;2976.32;
2022-03-02;2950.57;
2022-03-03;2834.57;
2022-03-04;2622.44;
2022-03-05;2666.40;
2022-03-06;2549.40;
2022-03-07;2493.23;
2022-03-08;2577.82;
2022-03-09;2728.45;
2022-03-10;2609.54;
2022-03-11;2557.64;
2022-03-12;2569.16;
2022-03-13;2516.85;
2022-03-14;2590.89;
2022-03-15;2619.62;
2022-03-16;2775.55;
2022-03-17;2815.51;
2022-03-18;2940.06;
2022-03-19;2949.68;
2022-03-20;2859.93;
2022-03-21;2895.38;
2022-03-22;2971.39;
2022-03-23;3037.54;
2022-03-24;3112.23;
2022-03-25;3106.13;
2022-03-26;3147.22;
2022-03-27;3298.06;
2022-03-28;3334.50;
2022-03-29;3401.94;
2022-03-30;3386.70;
2022-03-31;3281.76;
2022-04-01;3457.98;
2022-04-02;3443.62;
2022-04-03;3520.35;
2022-04-04;3522.06;
2022-04-05;3405.72;
2022-04-06;3168.93;
2022-04-07;3229.91;
2022-04-08;3193.19;
2022-04-09;3260.27;
2022-04-10;3202.37;
2022-04-11;2979.58;
2022-04-12;3029.73;
2022-04-13;3117.99;
2022-04-14;3022.26;
2022-04-15;3041.54;
2022-04-16;3060.95;
2022-04-17;2988.57;
2022-04-18;3057.57;
2022-04-19;3102.66;
2022-04-20;3077.49;
2022-04-21;2984.82;
2022-04-22;2963.42;
2022-04-23;2933.34;
2022-04-24;2922.49;
2022-04-25;3005.70;
2022-04-26;2811.08;
2022-04-27;2890.68;
2022-04-28;2937.50;
2022-04-29;2818.05;
2022-04-30;2728.08;
2022-05-01;2826.82;
2022-05-02;2856.35;
2022-05-03;2780.17;
2022-05-04;2939.83;
2022-05-05;2747.44;
2022-05-06;2693.10;
2022-05-07;2635.90;
2022-05-08;2522.67;
2022-05-09;2232.06;
2022-05-10;2342.12;
2022-05-11;2075.77;
2022-05-12;1950.45;
2022-05-13;2007.45;
2022-05-14;2054.23;
2022-05-15;2143.09;
2022-05-16;2020.84;
2022-05-17;2089.36;
2022-05-18;1911.22;
2022-05-19;2017.85;
2022-05-20;1957.09;
2022-05-21;1973.24;
2022-05-22;2040.72;
2022-05-23;1971.35;
2022-05-24;1978.13;
2022-05-25;1941.50;
2022-05-26;1791.38;
2022-05-27;1722.90;
2022-05-28;1790.98;
2022-05-29;1811.84;
2022-05-30;1996.74;
2022-05-31;1940.55;
2022-06-01;1817.05;
2022-06-02;1832.68;
2022-06-03;1773.90;
2022-06-04;1803.20;
2022-06-05;1804.98;
2022-06-06;1859.06;
2022-06-07;1812.24;
2022-06-08;1790.41;
2022-06-09;1787.13;
2022-06-10;1660.55;
2022-06-11;1530.30;
2022-06-12;1432.90;
2022-06-13;1208.70;
2022-06-14;1205.58;
2022-06-15;1237.23;
2022-06-16;1067.60;
2022-06-17;1084.42;
2022-06-18;996.28;
2022-06-19;1127.33;
2022-06-20;1127.51;
2022-06-21;1124.54;
2022-06-22;1048.32;
2022-06-23;1143.97;
2022-06-24;1224.72;
2022-06-25;1241.83;
2022-06-26;1197.95;
2022-06-27;1190.21;
2022-06-28;1142.52;
2022-06-29;1098.46;
2022-06-30;1071.13;
2022-07-01;1058.29;
2022-07-02;1065.56;
2022-07-03;1073.25;
2022-07-04;1149.57;
2022-07-05;1132.34;
2022-07-06;1186.01;
2022-07-07;1237.64;
2022-07-08;1213.61;
2022-07-09;1216.49;
2022-07-10;1166.53;
2022-07-11;1095.64;
2022-07-12;1035.59;
2022-07-13;1115.01;
2022-07-14;1192.47;
2022-07-15;1231.62;
2022-07-16;1356.99;
2022-07-17;1338.69;
2022-07-18;1581.15;
2022-07-19;1542.99;
2022-07-20;1522.15;
2022-07-21;1576.39;
2022-07-22;1535.47;
2022-07-23;1549.51;
2022-07-24;1598.94;
2022-07-25;1440.56;
2022-07-26;1449.84;
2022-07-27;1637.60;
2022-07-28;1725.56;
2022-07-29;1723.62;
2022-07-30;1697.49;
2022-07-31;1680.11;
2022-08-01;1631.70;
2022-08-02;1631.24;
2022-08-03;1619.05;
2022-08-04;1606.86;
2022-08-05;1736.95;
2022-08-06;1691.58;
2022-08-07;1700.97;
2022-08-08;1778.43;
2022-08-09;1704.02;
2022-08-10;1854.7;
2022-08-11;1883.0;
2022-08-12;1960.4;
2022-08-13;1984.3;
2022-08-14;1936.8;
2022-08-15;1900.9;
2022-08-16;1879.4;
2022-08-17;1835.0;
2022-08-18;1847.1;
2022-08-19;1609.0;
2022-08-20;1576.2;
2022-08-21;1617.5;
2022-08-22;1625.4;
2022-08-23;1665.4;
2022-08-24;1657.2;
2022-08-25;1697.0;
2022-08-26;1508.8;
2022-08-27;1491.5;
2022-08-28;1425.7;
2022-08-29;1553.9;
2022-08-30;1523.3;
2022-08-31;1554.2;
2022-09-01;1585.6;
2022-09-02;1575.8;
2022-09-03;1557.9;
2022-09-04;1580.0;
2022-09-05;1617.5;
2022-09-06;1557.4;
2022-09-07;1630.3;
2022-09-08;1635.2;
2022-09-09;1719.2;
2022-09-10;1775.4;
2022-09-11;1766.8;
2022-09-12;1717.0;
2022-09-13;1574.7;
2022-09-14;1638.6;
2022-09-15;1472.6;
2022-09-16;1434.7;
2022-09-17;1469.1;
2022-09-18;1334.3;
2022-09-19;1375.9;
2022-09-20;1323.3;
2022-09-21;1247.5;
2022-09-22;1326.2;
2022-09-23;1327.2;
2022-09-24;1317.2;
2022-09-25;1292.6;
2022-09-26;1336.7;
2022-09-27;1327.9;
2022-09-28;1337.2;
2022-09-29;1336.2;
2022-09-30;1328.6;
2022-10-01;1311.9;
2022-10-02;1276.5;
2022-10-03;1323.4;
2022-10-04;1362.1;
2022-10-05;1352.4;
2022-10-06;1352.5;
2022-10-07;1331.5;
2022-10-08;1315.8;
2022-10-09;1323.5;
2022-10-10;1290.2;
2022-10-11;1280.0;
2022-10-12;1294.5;
2022-10-13;1287.6;
2022-10-14;1296.9;
2022-10-15;1275.2;
2022-10-16;1306.1;
2022-10-17;1331.5;
2022-10-18;1311.0;
2022-10-19;1285.2;
2022-10-20;1283.1;
2022-10-21;1300.0;
2022-10-22;1313.9;
2022-10-23;1364.1;
2022-10-24;1343.9;
2022-10-25;1460.2;
2022-10-26;1566.8;
2022-10-27;1514.1;
2022-10-28;1554.9;
2022-10-29;1620.7;
2022-10-30;1589.9;
2022-10-31;1573.4;
2022-11-01;1578.8;
2022-11-02;1518.6;
2022-11-03;1531.1;
2022-11-04;1645.2;
2022-11-05;1627.4;
2022-11-06;1568.4;
2022-11-07;1568.3;
2022-11-08;1334.2;
2022-11-09;1099.7;
2022-11-10;1294.9;
2022-11-11;1284.8;
2022-11-12;1255.2;
2022-11-13;1219.5;
2022-11-14;1241.6;
2022-11-15;1252.3;
2022-11-16;1216.0;
2022-11-17;1200.1;
2022-11-18;1211.8;
2022-11-19;1216.8;
2022-11-20;1141.4;
2022-11-21;1105.6;
2022-11-22;1138.2;
2022-11-23;1183.2;
2022-11-24;1203.2;
2022-11-25;1198.2;
2022-11-26;1204.9;
2022-11-27;1193.1;
2022-11-28;1167.6;
2022-11-29;1215.7;
2022-11-30;1295.1;
2022-12-01;1276.5;
2022-12-02;1296.0;
2022-12-03;1241.3;
2022-12-04;1279.6;
2022-12-05;1259.6;
2022-12-06;1271.4;
2022-12-07;1231.2;
2022-12-08;1280.8;
2022-12-09;1262.9;
2022-12-10;1266.7;
2022-12-11;1266.3;
